{
    "v": "4.5.8",
    "fr": 60,
    "ip": 0,
    "op": 80,
    "w": 44,
    "h": 44,
    "ddd": 0,
    "assets": [],
    "layers": [
      {
        "ddd": 0,
        "ind": 0,
        "ty": 4,
        "nm": "star Outlines 2",
        "ks": {
          "o": {"a": 0, "k": 100},
          "r": {"a": 0, "k": 0},
          "p": {"a": 0, "k": [22.385, 21.344, 0]},
          "a": {"a": 0, "k": [125, 125, 0]},
          "s": {
            "a": 1,
            "k": [
              {"i": {"x": [0.32, 0.32, 0.32], "y": [1, 1, 0.32]}, "o": {"x": [0.68, 0.68, 0.68], "y": [0, 0, 0.68]}, "n": ["0p32_1_0p68_0", "0p32_1_0p68_0", "0p32_0p32_0p68_0p68"], "t": 14, "s": [0, 0, 100], "e": [9, 9, 100]},
              {"i": {"x": [0.32, 0.32, 0.32], "y": [1, 1, 0.32]}, "o": {"x": [0.68, 0.68, 0.68], "y": [0, 0, 0.68]}, "n": ["0p32_1_0p68_0", "0p32_1_0p68_0", "0p32_0p32_0p68_0p68"], "t": 25, "s": [9, 9, 100], "e": [6, 6, 100]},
              {"i": {"x": [0.32, 0.32, 0.32], "y": [1, 1, 0.32]}, "o": {"x": [0.68, 0.68, 0.68], "y": [0, 0, 0.68]}, "n": ["0p32_1_0p68_0", "0p32_1_0p68_0", "0p32_0p32_0p68_0p68"], "t": 41, "s": [6, 6, 100], "e": [10, 10, 100]},
              {"t": 62}
            ]
          }
        },
        "ao": 0,
        "shapes": [
          {
            "ty": "gr",
            "it": [
              {
                "ind": 0,
                "ty": "sh",
                "ks": {
                  "a": 0,
                  "k": {
                    "i": [
                      [1.295, 0],
                      [1.356, 0.96],
                      [-0.521, 3.196],
                      [0, 0],
                      [0.312, 0.315],
                      [0, 0],
                      [-1.007, 3.01],
                      [-2.957, 0.453],
                      [0, 0],
                      [-0.175, 0.372],
                      [0, 0],
                      [-3.091, 0],
                      [-1.342, -2.867],
                      [0, 0],
                      [0, 0],
                      [-0.341, -0.054],
                      [0, 0],
                      [-0.972, -2.91],
                      [2.182, -2.246],
                      [0, 0],
                      [-0.08, -0.484],
                      [0, 0],
                      [2.598, -1.833],
                      [2.651, 1.471],
                      [0, 0],
                      [0.289, -0.161],
                      [0, 0]
                    ],
                    "o": [
                      [-1.578, 0],
                      [-2.601, -1.826],
                      [0, 0],
                      [0.081, -0.484],
                      [0, 0],
                      [-2.185, -2.245],
                      [0.974, -2.91],
                      [0, 0],
                      [0.345, -0.054],
                      [0, 0],
                      [1.346, -2.867],
                      [3.091, 0],
                      [0, 0],
                      [0, 0],
                      [0.175, 0.376],
                      [0, 0],
                      [2.96, 0.453],
                      [1.007, 3.007],
                      [0, 0],
                      [-0.308, 0.322],
                      [0, 0],
                      [0.524, 3.196],
                      [-2.471, 1.738],
                      [0, 0],
                      [-0.288, -0.161],
                      [0, 0],
                      [-1.191, 0.658]
                    ],
                    "v": [
                      [-53.993, 95.484],
                      [-58.493, 94.041],
                      [-61.867, 85.891],
                      [-52.366, 27.545],
                      [-52.741, 26.257],
                      [-92.993, -15.067],
                      [-94.904, -23.585],
                      [-88.533, -29.039],
                      [-32.902, -37.551],
                      [-32.072, -38.229],
                      [-7.193, -91.319],
                      [0.001, -95.968],
                      [7.189, -91.319],
                      [7.197, -91.319],
                      [32.074, -38.235],
                      [32.898, -37.551],
                      [88.527, -29.039],
                      [94.904, -23.585],
                      [92.998, -15.07],
                      [52.742, 26.25],
                      [52.366, 27.552],
                      [61.865, 85.891],
                      [58.502, 94.041],
                      [50.212, 94.497],
                      [0.454, 66.948],
                      [-0.456, 66.948],
                      [-50.208, 94.497]
                    ],
                    "c": true
                  }
                },
                "nm": "Path 2",
                "mn": "ADBE Vector Shape - Group"
              },
              {"ty": "fl", "c": {"a": 0, "k": [0.941, 0.561, 0, 1]}, "o": {"a": 0, "k": 100}, "r": 1, "nm": "Fill 1", "mn": "ADBE Vector Graphic - Fill"},
              {
                "ty": "tr",
                "p": {"a": 0, "k": [125.015, 126.016], "ix": 2},
                "a": {"a": 0, "k": [0, 0], "ix": 1},
                "s": {"a": 0, "k": [100, 100], "ix": 3},
                "r": {"a": 0, "k": 0, "ix": 6},
                "o": {"a": 0, "k": 100, "ix": 7},
                "sk": {"a": 0, "k": 0, "ix": 4},
                "sa": {"a": 0, "k": 0, "ix": 5},
                "nm": "Transform"
              }
            ],
            "nm": "Group 1",
            "np": 2,
            "mn": "ADBE Vector Group"
          }
        ],
        "ip": 14,
        "op": 80,
        "st": 14,
        "bm": 0,
        "sr": 1
      },
      {
        "ddd": 0,
        "ind": 1,
        "ty": 4,
        "nm": "star Outlines 5",
        "ks": {"o": {"a": 0, "k": 100}, "r": {"a": 0, "k": 0}, "p": {"a": 0, "k": [22.385, 21.344, 0]}, "a": {"a": 0, "k": [125, 125, 0]}, "s": {"a": 0, "k": [10, 10, 100]}},
        "ao": 0,
        "shapes": [
          {
            "ty": "gr",
            "it": [
              {
                "ind": 0,
                "ty": "sh",
                "ks": {
                  "a": 0,
                  "k": {
                    "i": [
                      [1.295, 0],
                      [1.356, 0.96],
                      [-0.521, 3.196],
                      [0, 0],
                      [0.312, 0.315],
                      [0, 0],
                      [-1.007, 3.01],
                      [-2.957, 0.453],
                      [0, 0],
                      [-0.175, 0.372],
                      [0, 0],
                      [-3.091, 0],
                      [-1.342, -2.867],
                      [0, 0],
                      [0, 0],
                      [-0.341, -0.054],
                      [0, 0],
                      [-0.972, -2.91],
                      [2.182, -2.246],
                      [0, 0],
                      [-0.08, -0.484],
                      [0, 0],
                      [2.598, -1.833],
                      [2.651, 1.471],
                      [0, 0],
                      [0.289, -0.161],
                      [0, 0]
                    ],
                    "o": [
                      [-1.578, 0],
                      [-2.601, -1.826],
                      [0, 0],
                      [0.081, -0.484],
                      [0, 0],
                      [-2.185, -2.245],
                      [0.974, -2.91],
                      [0, 0],
                      [0.345, -0.054],
                      [0, 0],
                      [1.346, -2.867],
                      [3.091, 0],
                      [0, 0],
                      [0, 0],
                      [0.175, 0.376],
                      [0, 0],
                      [2.96, 0.453],
                      [1.007, 3.007],
                      [0, 0],
                      [-0.308, 0.322],
                      [0, 0],
                      [0.524, 3.196],
                      [-2.471, 1.738],
                      [0, 0],
                      [-0.288, -0.161],
                      [0, 0],
                      [-1.191, 0.658]
                    ],
                    "v": [
                      [-53.993, 95.484],
                      [-58.493, 94.041],
                      [-61.867, 85.891],
                      [-52.366, 27.545],
                      [-52.741, 26.257],
                      [-92.993, -15.067],
                      [-94.904, -23.585],
                      [-88.533, -29.039],
                      [-32.902, -37.551],
                      [-32.072, -38.229],
                      [-7.193, -91.319],
                      [0.001, -95.968],
                      [7.189, -91.319],
                      [7.197, -91.319],
                      [32.074, -38.235],
                      [32.898, -37.551],
                      [88.527, -29.039],
                      [94.904, -23.585],
                      [92.998, -15.07],
                      [52.742, 26.25],
                      [52.366, 27.552],
                      [61.865, 85.891],
                      [58.502, 94.041],
                      [50.212, 94.497],
                      [0.454, 66.948],
                      [-0.456, 66.948],
                      [-50.208, 94.497]
                    ],
                    "c": true
                  }
                },
                "nm": "Path 2",
                "mn": "ADBE Vector Shape - Group"
              },
              {"ty": "st", "c": {"a": 0, "k": [0.941, 0.561, 0, 1]}, "o": {"a": 0, "k": 100}, "w": {"a": 0, "k": 10}, "lc": 1, "lj": 1, "ml": 4, "nm": "Stroke 1", "mn": "ADBE Vector Graphic - Stroke"},
              {
                "ty": "tr",
                "p": {"a": 0, "k": [125.015, 126.016], "ix": 2},
                "a": {"a": 0, "k": [0, 0], "ix": 1},
                "s": {"a": 0, "k": [100, 100], "ix": 3},
                "r": {"a": 0, "k": 0, "ix": 6},
                "o": {"a": 0, "k": 100, "ix": 7},
                "sk": {"a": 0, "k": 0, "ix": 4},
                "sa": {"a": 0, "k": 0, "ix": 5},
                "nm": "Transform"
              }
            ],
            "nm": "Group 1",
            "np": 2,
            "mn": "ADBE Vector Group"
          }
        ],
        "ip": 0,
        "op": 4,
        "st": -29,
        "bm": 0,
        "sr": 1
      },
      {
        "ddd": 0,
        "ind": 2,
        "ty": 4,
        "nm": "Dot14",
        "ks": {"o": {"a": 0, "k": 100}, "r": {"a": 0, "k": -320}, "p": {"a": 0, "k": [22, 22, 0]}, "a": {"a": 0, "k": [0, 0, 0]}, "s": {"a": 0, "k": [40, 40, 100]}},
        "ao": 0,
        "shapes": [
          {
            "ty": "gr",
            "it": [
              {"ind": 0, "ty": "sh", "ks": {"a": 0, "k": {"i": [[0, 0], [0, 0]], "o": [[0, 0], [0, 0]], "v": [[-37.5, -40.5], [-1, 0.5]], "c": false}}, "nm": "Path 1", "mn": "ADBE Vector Shape - Group"},
              {
                "ty": "tm",
                "s": {
                  "a": 1,
                  "k": [
                    {"i": {"x": [0.833], "y": [0.833]}, "o": {"x": [0.167], "y": [0.167]}, "n": ["0p833_0p833_0p167_0p167"], "t": 15, "s": [47], "e": [29]},
                    {"i": {"x": [0.833], "y": [0.833]}, "o": {"x": [0.167], "y": [0.167]}, "n": ["0p833_0p833_0p167_0p167"], "t": 27, "s": [29], "e": [9]},
                    {"t": 49}
                  ],
                  "ix": 1
                },
                "e": {
                  "a": 1,
                  "k": [
                    {"i": {"x": [0.833], "y": [0.833]}, "o": {"x": [0.167], "y": [0.167]}, "n": ["0p833_0p833_0p167_0p167"], "t": 15, "s": [48], "e": [30]},
                    {"i": {"x": [0.833], "y": [0.833]}, "o": {"x": [0.167], "y": [0.167]}, "n": ["0p833_0p833_0p167_0p167"], "t": 27, "s": [30], "e": [10]},
                    {"t": 49}
                  ],
                  "ix": 2
                },
                "o": {"a": 0, "k": 0, "ix": 3},
                "m": 1,
                "ix": 2,
                "nm": "Trim Paths 1",
                "mn": "ADBE Vector Filter - Trim"
              },
              {
                "ty": "st",
                "c": {"a": 1, "k": [{"i": {"x": [0.833], "y": [0.833]}, "o": {"x": [0.167], "y": [0.167]}, "n": ["0p833_0p833_0p167_0p167"], "t": 15, "s": [0.941, 0.561, 0, 1], "e": [0.173, 0.569, 0.788, 1]}, {"t": 27}]},
                "o": {"a": 0, "k": 100},
                "w": {
                  "a": 1,
                  "k": [
                    {"i": {"x": [0.833], "y": [0.833]}, "o": {"x": [0.167], "y": [0.167]}, "n": ["0p833_0p833_0p167_0p167"], "t": 15, "s": [5], "e": [2]},
                    {"i": {"x": [0.833], "y": [0.833]}, "o": {"x": [0.167], "y": [0.167]}, "n": ["0p833_0p833_0p167_0p167"], "t": 27, "s": [2], "e": [0]},
                    {"t": 41}
                  ]
                },
                "lc": 2,
                "lj": 1,
                "ml": 4,
                "nm": "Stroke 1",
                "mn": "ADBE Vector Graphic - Stroke"
              },
              {
                "ty": "tr",
                "p": {"a": 0, "k": [0, 0], "ix": 2},
                "a": {"a": 0, "k": [0, 0], "ix": 1},
                "s": {"a": 0, "k": [100, 100], "ix": 3},
                "r": {"a": 0, "k": 0, "ix": 6},
                "o": {"a": 0, "k": 100, "ix": 7},
                "sk": {"a": 0, "k": 0, "ix": 4},
                "sa": {"a": 0, "k": 0, "ix": 5},
                "nm": "Transform"
              }
            ],
            "nm": "Shape 1",
            "np": 3,
            "mn": "ADBE Vector Group"
          }
        ],
        "ip": 15,
        "op": 61,
        "st": -73,
        "bm": 0,
        "sr": 1
      },
      {
        "ddd": 0,
        "ind": 3,
        "ty": 4,
        "nm": "Dot13",
        "ks": {"o": {"a": 0, "k": 100}, "r": {"a": 0, "k": -306.6}, "p": {"a": 0, "k": [22, 22, 0]}, "a": {"a": 0, "k": [0, 0, 0]}, "s": {"a": 0, "k": [40, 40, 100]}},
        "ao": 0,
        "shapes": [
          {
            "ty": "gr",
            "it": [
              {"ind": 0, "ty": "sh", "ks": {"a": 0, "k": {"i": [[0, 0], [0, 0]], "o": [[0, 0], [0, 0]], "v": [[-37.5, -40.5], [-1, 0.5]], "c": false}}, "nm": "Path 1", "mn": "ADBE Vector Shape - Group"},
              {
                "ty": "tm",
                "s": {
                  "a": 1,
                  "k": [
                    {"i": {"x": [0.833], "y": [0.833]}, "o": {"x": [0.167], "y": [0.167]}, "n": ["0p833_0p833_0p167_0p167"], "t": 15, "s": [44], "e": [19]},
                    {"i": {"x": [0.833], "y": [0.833]}, "o": {"x": [0.167], "y": [0.167]}, "n": ["0p833_0p833_0p167_0p167"], "t": 27, "s": [19], "e": [0]},
                    {"t": 60}
                  ],
                  "ix": 1
                },
                "e": {
                  "a": 1,
                  "k": [
                    {"i": {"x": [0.833], "y": [0.833]}, "o": {"x": [0.167], "y": [0.167]}, "n": ["0p833_0p833_0p167_0p167"], "t": 15, "s": [45], "e": [20]},
                    {"i": {"x": [0.833], "y": [0.833]}, "o": {"x": [0.167], "y": [0.167]}, "n": ["0p833_0p833_0p167_0p167"], "t": 27, "s": [20], "e": [1]},
                    {"t": 60}
                  ],
                  "ix": 2
                },
                "o": {"a": 0, "k": 0, "ix": 3},
                "m": 1,
                "ix": 2,
                "nm": "Trim Paths 1",
                "mn": "ADBE Vector Filter - Trim"
              },
              {
                "ty": "st",
                "c": {"a": 1, "k": [{"i": {"x": [0.833], "y": [0.833]}, "o": {"x": [0.167], "y": [0.167]}, "n": ["0p833_0p833_0p167_0p167"], "t": 15, "s": [0.941, 0.561, 0, 1], "e": [0.173, 0.569, 0.788, 1]}, {"t": 27}]},
                "o": {"a": 0, "k": 100},
                "w": {"a": 1, "k": [{"i": {"x": [0.833], "y": [0.833]}, "o": {"x": [0.167], "y": [0.167]}, "n": ["0p833_0p833_0p167_0p167"], "t": 27, "s": [5], "e": [0]}, {"t": 60}]},
                "lc": 2,
                "lj": 1,
                "ml": 4,
                "nm": "Stroke 1",
                "mn": "ADBE Vector Graphic - Stroke"
              },
              {
                "ty": "tr",
                "p": {"a": 0, "k": [0, 0], "ix": 2},
                "a": {"a": 0, "k": [0, 0], "ix": 1},
                "s": {"a": 0, "k": [100, 100], "ix": 3},
                "r": {"a": 0, "k": 0, "ix": 6},
                "o": {"a": 0, "k": 100, "ix": 7},
                "sk": {"a": 0, "k": 0, "ix": 4},
                "sa": {"a": 0, "k": 0, "ix": 5},
                "nm": "Transform"
              }
            ],
            "nm": "Shape 1",
            "np": 3,
            "mn": "ADBE Vector Group"
          }
        ],
        "ip": 15,
        "op": 61,
        "st": -73,
        "bm": 0,
        "sr": 1
      },
      {
        "ddd": 0,
        "ind": 4,
        "ty": 4,
        "nm": "Dot12",
        "ks": {"o": {"a": 0, "k": 100}, "r": {"a": 0, "k": -271.7}, "p": {"a": 0, "k": [22, 22, 0]}, "a": {"a": 0, "k": [0, 0, 0]}, "s": {"a": 0, "k": [40, 40, 100]}},
        "ao": 0,
        "shapes": [
          {
            "ty": "gr",
            "it": [
              {"ind": 0, "ty": "sh", "ks": {"a": 0, "k": {"i": [[0, 0], [0, 0]], "o": [[0, 0], [0, 0]], "v": [[-37.5, -40.5], [-1, 0.5]], "c": false}}, "nm": "Path 1", "mn": "ADBE Vector Shape - Group"},
              {
                "ty": "tm",
                "s": {
                  "a": 1,
                  "k": [
                    {"i": {"x": [0.833], "y": [0.833]}, "o": {"x": [0.167], "y": [0.167]}, "n": ["0p833_0p833_0p167_0p167"], "t": 15, "s": [47], "e": [29]},
                    {"i": {"x": [0.833], "y": [0.833]}, "o": {"x": [0.167], "y": [0.167]}, "n": ["0p833_0p833_0p167_0p167"], "t": 27, "s": [29], "e": [9]},
                    {"t": 49}
                  ],
                  "ix": 1
                },
                "e": {
                  "a": 1,
                  "k": [
                    {"i": {"x": [0.833], "y": [0.833]}, "o": {"x": [0.167], "y": [0.167]}, "n": ["0p833_0p833_0p167_0p167"], "t": 15, "s": [48], "e": [30]},
                    {"i": {"x": [0.833], "y": [0.833]}, "o": {"x": [0.167], "y": [0.167]}, "n": ["0p833_0p833_0p167_0p167"], "t": 27, "s": [30], "e": [10]},
                    {"t": 49}
                  ],
                  "ix": 2
                },
                "o": {"a": 0, "k": 0, "ix": 3},
                "m": 1,
                "ix": 2,
                "nm": "Trim Paths 1",
                "mn": "ADBE Vector Filter - Trim"
              },
              {
                "ty": "st",
                "c": {"a": 1, "k": [{"i": {"x": [0.833], "y": [0.833]}, "o": {"x": [0.167], "y": [0.167]}, "n": ["0p833_0p833_0p167_0p167"], "t": 15, "s": [0.941, 0.561, 0, 1], "e": [0.173, 0.569, 0.788, 1]}, {"t": 27}]},
                "o": {"a": 0, "k": 100},
                "w": {
                  "a": 1,
                  "k": [
                    {"i": {"x": [0.833], "y": [0.833]}, "o": {"x": [0.167], "y": [0.167]}, "n": ["0p833_0p833_0p167_0p167"], "t": 15, "s": [5], "e": [2]},
                    {"i": {"x": [0.833], "y": [0.833]}, "o": {"x": [0.167], "y": [0.167]}, "n": ["0p833_0p833_0p167_0p167"], "t": 27, "s": [2], "e": [0]},
                    {"t": 41}
                  ]
                },
                "lc": 2,
                "lj": 1,
                "ml": 4,
                "nm": "Stroke 1",
                "mn": "ADBE Vector Graphic - Stroke"
              },
              {
                "ty": "tr",
                "p": {"a": 0, "k": [0, 0], "ix": 2},
                "a": {"a": 0, "k": [0, 0], "ix": 1},
                "s": {"a": 0, "k": [100, 100], "ix": 3},
                "r": {"a": 0, "k": 0, "ix": 6},
                "o": {"a": 0, "k": 100, "ix": 7},
                "sk": {"a": 0, "k": 0, "ix": 4},
                "sa": {"a": 0, "k": 0, "ix": 5},
                "nm": "Transform"
              }
            ],
            "nm": "Shape 1",
            "np": 3,
            "mn": "ADBE Vector Group"
          }
        ],
        "ip": 15,
        "op": 61,
        "st": -73,
        "bm": 0,
        "sr": 1
      },
      {
        "ddd": 0,
        "ind": 5,
        "ty": 4,
        "nm": "Dot11",
        "ks": {"o": {"a": 0, "k": 100}, "r": {"a": 0, "k": -258.3}, "p": {"a": 0, "k": [22, 22, 0]}, "a": {"a": 0, "k": [0, 0, 0]}, "s": {"a": 0, "k": [40, 40, 100]}},
        "ao": 0,
        "shapes": [
          {
            "ty": "gr",
            "it": [
              {"ind": 0, "ty": "sh", "ks": {"a": 0, "k": {"i": [[0, 0], [0, 0]], "o": [[0, 0], [0, 0]], "v": [[-37.5, -40.5], [-1, 0.5]], "c": false}}, "nm": "Path 1", "mn": "ADBE Vector Shape - Group"},
              {
                "ty": "tm",
                "s": {
                  "a": 1,
                  "k": [
                    {"i": {"x": [0.833], "y": [0.833]}, "o": {"x": [0.167], "y": [0.167]}, "n": ["0p833_0p833_0p167_0p167"], "t": 15, "s": [44], "e": [19]},
                    {"i": {"x": [0.833], "y": [0.833]}, "o": {"x": [0.167], "y": [0.167]}, "n": ["0p833_0p833_0p167_0p167"], "t": 27, "s": [19], "e": [0]},
                    {"t": 60}
                  ],
                  "ix": 1
                },
                "e": {
                  "a": 1,
                  "k": [
                    {"i": {"x": [0.833], "y": [0.833]}, "o": {"x": [0.167], "y": [0.167]}, "n": ["0p833_0p833_0p167_0p167"], "t": 15, "s": [45], "e": [20]},
                    {"i": {"x": [0.833], "y": [0.833]}, "o": {"x": [0.167], "y": [0.167]}, "n": ["0p833_0p833_0p167_0p167"], "t": 27, "s": [20], "e": [1]},
                    {"t": 60}
                  ],
                  "ix": 2
                },
                "o": {"a": 0, "k": 0, "ix": 3},
                "m": 1,
                "ix": 2,
                "nm": "Trim Paths 1",
                "mn": "ADBE Vector Filter - Trim"
              },
              {
                "ty": "st",
                "c": {"a": 1, "k": [{"i": {"x": [0.833], "y": [0.833]}, "o": {"x": [0.167], "y": [0.167]}, "n": ["0p833_0p833_0p167_0p167"], "t": 15, "s": [0.941, 0.561, 0, 1], "e": [0.392, 0.659, 0.086, 1]}, {"t": 27}]},
                "o": {"a": 0, "k": 100},
                "w": {"a": 1, "k": [{"i": {"x": [0.833], "y": [0.833]}, "o": {"x": [0.167], "y": [0.167]}, "n": ["0p833_0p833_0p167_0p167"], "t": 27, "s": [5], "e": [0]}, {"t": 60}]},
                "lc": 2,
                "lj": 1,
                "ml": 4,
                "nm": "Stroke 1",
                "mn": "ADBE Vector Graphic - Stroke"
              },
              {
                "ty": "tr",
                "p": {"a": 0, "k": [0, 0], "ix": 2},
                "a": {"a": 0, "k": [0, 0], "ix": 1},
                "s": {"a": 0, "k": [100, 100], "ix": 3},
                "r": {"a": 0, "k": 0, "ix": 6},
                "o": {"a": 0, "k": 100, "ix": 7},
                "sk": {"a": 0, "k": 0, "ix": 4},
                "sa": {"a": 0, "k": 0, "ix": 5},
                "nm": "Transform"
              }
            ],
            "nm": "Shape 1",
            "np": 3,
            "mn": "ADBE Vector Group"
          }
        ],
        "ip": 15,
        "op": 61,
        "st": -73,
        "bm": 0,
        "sr": 1
      },
      {
        "ddd": 0,
        "ind": 6,
        "ty": 4,
        "nm": "Dot10",
        "ks": {"o": {"a": 0, "k": 100}, "r": {"a": 0, "k": -220.3}, "p": {"a": 0, "k": [22, 22, 0]}, "a": {"a": 0, "k": [0, 0, 0]}, "s": {"a": 0, "k": [40, 40, 100]}},
        "ao": 0,
        "shapes": [
          {
            "ty": "gr",
            "it": [
              {"ind": 0, "ty": "sh", "ks": {"a": 0, "k": {"i": [[0, 0], [0, 0]], "o": [[0, 0], [0, 0]], "v": [[-37.5, -40.5], [-1, 0.5]], "c": false}}, "nm": "Path 1", "mn": "ADBE Vector Shape - Group"},
              {
                "ty": "tm",
                "s": {
                  "a": 1,
                  "k": [
                    {"i": {"x": [0.833], "y": [0.833]}, "o": {"x": [0.167], "y": [0.167]}, "n": ["0p833_0p833_0p167_0p167"], "t": 15, "s": [47], "e": [29]},
                    {"i": {"x": [0.833], "y": [0.833]}, "o": {"x": [0.167], "y": [0.167]}, "n": ["0p833_0p833_0p167_0p167"], "t": 27, "s": [29], "e": [9]},
                    {"t": 49}
                  ],
                  "ix": 1
                },
                "e": {
                  "a": 1,
                  "k": [
                    {"i": {"x": [0.833], "y": [0.833]}, "o": {"x": [0.167], "y": [0.167]}, "n": ["0p833_0p833_0p167_0p167"], "t": 15, "s": [48], "e": [30]},
                    {"i": {"x": [0.833], "y": [0.833]}, "o": {"x": [0.167], "y": [0.167]}, "n": ["0p833_0p833_0p167_0p167"], "t": 27, "s": [30], "e": [10]},
                    {"t": 49}
                  ],
                  "ix": 2
                },
                "o": {"a": 0, "k": 0, "ix": 3},
                "m": 1,
                "ix": 2,
                "nm": "Trim Paths 1",
                "mn": "ADBE Vector Filter - Trim"
              },
              {
                "ty": "st",
                "c": {"a": 1, "k": [{"i": {"x": [0.833], "y": [0.833]}, "o": {"x": [0.167], "y": [0.167]}, "n": ["0p833_0p833_0p167_0p167"], "t": 15, "s": [0.941, 0.561, 0, 1], "e": [0.173, 0.569, 0.788, 1]}, {"t": 27}]},
                "o": {"a": 0, "k": 100},
                "w": {
                  "a": 1,
                  "k": [
                    {"i": {"x": [0.833], "y": [0.833]}, "o": {"x": [0.167], "y": [0.167]}, "n": ["0p833_0p833_0p167_0p167"], "t": 15, "s": [5], "e": [2]},
                    {"i": {"x": [0.833], "y": [0.833]}, "o": {"x": [0.167], "y": [0.167]}, "n": ["0p833_0p833_0p167_0p167"], "t": 27, "s": [2], "e": [0]},
                    {"t": 41}
                  ]
                },
                "lc": 2,
                "lj": 1,
                "ml": 4,
                "nm": "Stroke 1",
                "mn": "ADBE Vector Graphic - Stroke"
              },
              {
                "ty": "tr",
                "p": {"a": 0, "k": [0, 0], "ix": 2},
                "a": {"a": 0, "k": [0, 0], "ix": 1},
                "s": {"a": 0, "k": [100, 100], "ix": 3},
                "r": {"a": 0, "k": 0, "ix": 6},
                "o": {"a": 0, "k": 100, "ix": 7},
                "sk": {"a": 0, "k": 0, "ix": 4},
                "sa": {"a": 0, "k": 0, "ix": 5},
                "nm": "Transform"
              }
            ],
            "nm": "Shape 1",
            "np": 3,
            "mn": "ADBE Vector Group"
          }
        ],
        "ip": 15,
        "op": 61,
        "st": -73,
        "bm": 0,
        "sr": 1
      },
      {
        "ddd": 0,
        "ind": 7,
        "ty": 4,
        "nm": "Dot9",
        "ks": {"o": {"a": 0, "k": 100}, "r": {"a": 0, "k": -206.9}, "p": {"a": 0, "k": [22, 22, 0]}, "a": {"a": 0, "k": [0, 0, 0]}, "s": {"a": 0, "k": [40, 40, 100]}},
        "ao": 0,
        "shapes": [
          {
            "ty": "gr",
            "it": [
              {"ind": 0, "ty": "sh", "ks": {"a": 0, "k": {"i": [[0, 0], [0, 0]], "o": [[0, 0], [0, 0]], "v": [[-37.5, -40.5], [-1, 0.5]], "c": false}}, "nm": "Path 1", "mn": "ADBE Vector Shape - Group"},
              {
                "ty": "tm",
                "s": {
                  "a": 1,
                  "k": [
                    {"i": {"x": [0.833], "y": [0.833]}, "o": {"x": [0.167], "y": [0.167]}, "n": ["0p833_0p833_0p167_0p167"], "t": 15, "s": [44], "e": [19]},
                    {"i": {"x": [0.833], "y": [0.833]}, "o": {"x": [0.167], "y": [0.167]}, "n": ["0p833_0p833_0p167_0p167"], "t": 27, "s": [19], "e": [0]},
                    {"t": 60}
                  ],
                  "ix": 1
                },
                "e": {
                  "a": 1,
                  "k": [
                    {"i": {"x": [0.833], "y": [0.833]}, "o": {"x": [0.167], "y": [0.167]}, "n": ["0p833_0p833_0p167_0p167"], "t": 15, "s": [45], "e": [20]},
                    {"i": {"x": [0.833], "y": [0.833]}, "o": {"x": [0.167], "y": [0.167]}, "n": ["0p833_0p833_0p167_0p167"], "t": 27, "s": [20], "e": [1]},
                    {"t": 60}
                  ],
                  "ix": 2
                },
                "o": {"a": 0, "k": 0, "ix": 3},
                "m": 1,
                "ix": 2,
                "nm": "Trim Paths 1",
                "mn": "ADBE Vector Filter - Trim"
              },
              {
                "ty": "st",
                "c": {
                  "a": 1,
                  "k": [
                    {"i": {"x": [0.833], "y": [0.833]}, "o": {"x": [0.167], "y": [0.167]}, "n": ["0p833_0p833_0p167_0p167"], "t": -29, "s": [0.941, 0.561, 0, 1], "e": [0.392, 0.659, 0.086, 1]},
                    {"i": {"x": [0.833], "y": [0.833]}, "o": {"x": [0.167], "y": [0.167]}, "n": ["0p833_0p833_0p167_0p167"], "t": 15, "s": [0.392, 0.659, 0.086, 1], "e": [0.173, 0.569, 0.788, 1]},
                    {"t": 37}
                  ]
                },
                "o": {"a": 0, "k": 100},
                "w": {"a": 1, "k": [{"i": {"x": [0.833], "y": [0.833]}, "o": {"x": [0.167], "y": [0.167]}, "n": ["0p833_0p833_0p167_0p167"], "t": 27, "s": [5], "e": [0]}, {"t": 60}]},
                "lc": 2,
                "lj": 1,
                "ml": 4,
                "nm": "Stroke 1",
                "mn": "ADBE Vector Graphic - Stroke"
              },
              {"ty": "tm", "s": {"a": 0, "k": 44, "ix": 1}, "e": {"a": 0, "k": 45, "ix": 2}, "o": {"a": 0, "k": 0, "ix": 3}, "m": 1, "ix": 4, "nm": "Trim Paths 2", "mn": "ADBE Vector Filter - Trim"},
              {
                "ty": "tr",
                "p": {"a": 0, "k": [0, 0], "ix": 2},
                "a": {"a": 0, "k": [0, 0], "ix": 1},
                "s": {"a": 0, "k": [100, 100], "ix": 3},
                "r": {"a": 0, "k": 0, "ix": 6},
                "o": {"a": 0, "k": 100, "ix": 7},
                "sk": {"a": 0, "k": 0, "ix": 4},
                "sa": {"a": 0, "k": 0, "ix": 5},
                "nm": "Transform"
              }
            ],
            "nm": "Shape 1",
            "np": 4,
            "mn": "ADBE Vector Group"
          }
        ],
        "ip": 15,
        "op": 61,
        "st": -73,
        "bm": 0,
        "sr": 1
      },
      {
        "ddd": 0,
        "ind": 8,
        "ty": 4,
        "nm": "Dot8",
        "ks": {"o": {"a": 0, "k": 100}, "r": {"a": 0, "k": -168.2}, "p": {"a": 0, "k": [22, 22, 0]}, "a": {"a": 0, "k": [0, 0, 0]}, "s": {"a": 0, "k": [40, 40, 100]}},
        "ao": 0,
        "shapes": [
          {
            "ty": "gr",
            "it": [
              {"ind": 0, "ty": "sh", "ks": {"a": 0, "k": {"i": [[0, 0], [0, 0]], "o": [[0, 0], [0, 0]], "v": [[-37.5, -40.5], [-1, 0.5]], "c": false}}, "nm": "Path 1", "mn": "ADBE Vector Shape - Group"},
              {
                "ty": "tm",
                "s": {
                  "a": 1,
                  "k": [
                    {"i": {"x": [0.833], "y": [0.833]}, "o": {"x": [0.167], "y": [0.167]}, "n": ["0p833_0p833_0p167_0p167"], "t": 15, "s": [47], "e": [29]},
                    {"i": {"x": [0.833], "y": [0.833]}, "o": {"x": [0.167], "y": [0.167]}, "n": ["0p833_0p833_0p167_0p167"], "t": 27, "s": [29], "e": [9]},
                    {"t": 49}
                  ],
                  "ix": 1
                },
                "e": {
                  "a": 1,
                  "k": [
                    {"i": {"x": [0.833], "y": [0.833]}, "o": {"x": [0.167], "y": [0.167]}, "n": ["0p833_0p833_0p167_0p167"], "t": 15, "s": [48], "e": [30]},
                    {"i": {"x": [0.833], "y": [0.833]}, "o": {"x": [0.167], "y": [0.167]}, "n": ["0p833_0p833_0p167_0p167"], "t": 27, "s": [30], "e": [10]},
                    {"t": 49}
                  ],
                  "ix": 2
                },
                "o": {"a": 0, "k": 0, "ix": 3},
                "m": 1,
                "ix": 2,
                "nm": "Trim Paths 1",
                "mn": "ADBE Vector Filter - Trim"
              },
              {
                "ty": "st",
                "c": {"a": 1, "k": [{"i": {"x": [0.833], "y": [0.833]}, "o": {"x": [0.167], "y": [0.167]}, "n": ["0p833_0p833_0p167_0p167"], "t": 15, "s": [0.173, 0.569, 0.788, 1], "e": [0.941, 0.561, 0, 1]}, {"t": 27}]},
                "o": {"a": 0, "k": 100},
                "w": {
                  "a": 1,
                  "k": [
                    {"i": {"x": [0.833], "y": [0.833]}, "o": {"x": [0.167], "y": [0.167]}, "n": ["0p833_0p833_0p167_0p167"], "t": 15, "s": [5], "e": [2]},
                    {"i": {"x": [0.833], "y": [0.833]}, "o": {"x": [0.167], "y": [0.167]}, "n": ["0p833_0p833_0p167_0p167"], "t": 27, "s": [2], "e": [0]},
                    {"t": 41}
                  ]
                },
                "lc": 2,
                "lj": 1,
                "ml": 4,
                "nm": "Stroke 1",
                "mn": "ADBE Vector Graphic - Stroke"
              },
              {
                "ty": "tr",
                "p": {"a": 0, "k": [0, 0], "ix": 2},
                "a": {"a": 0, "k": [0, 0], "ix": 1},
                "s": {"a": 0, "k": [100, 100], "ix": 3},
                "r": {"a": 0, "k": 0, "ix": 6},
                "o": {"a": 0, "k": 100, "ix": 7},
                "sk": {"a": 0, "k": 0, "ix": 4},
                "sa": {"a": 0, "k": 0, "ix": 5},
                "nm": "Transform"
              }
            ],
            "nm": "Shape 1",
            "np": 3,
            "mn": "ADBE Vector Group"
          }
        ],
        "ip": 15,
        "op": 61,
        "st": -73,
        "bm": 0,
        "sr": 1
      },
      {
        "ddd": 0,
        "ind": 9,
        "ty": 4,
        "nm": "Dot7",
        "ks": {"o": {"a": 0, "k": 100}, "r": {"a": 0, "k": -154.8}, "p": {"a": 0, "k": [22, 22, 0]}, "a": {"a": 0, "k": [0, 0, 0]}, "s": {"a": 0, "k": [40, 40, 100]}},
        "ao": 0,
        "shapes": [
          {
            "ty": "gr",
            "it": [
              {"ind": 0, "ty": "sh", "ks": {"a": 0, "k": {"i": [[0, 0], [0, 0]], "o": [[0, 0], [0, 0]], "v": [[-37.5, -40.5], [-1, 0.5]], "c": false}}, "nm": "Path 1", "mn": "ADBE Vector Shape - Group"},
              {
                "ty": "tm",
                "s": {
                  "a": 1,
                  "k": [
                    {"i": {"x": [0.833], "y": [0.833]}, "o": {"x": [0.167], "y": [0.167]}, "n": ["0p833_0p833_0p167_0p167"], "t": 15, "s": [44], "e": [19]},
                    {"i": {"x": [0.833], "y": [0.833]}, "o": {"x": [0.167], "y": [0.167]}, "n": ["0p833_0p833_0p167_0p167"], "t": 27, "s": [19], "e": [0]},
                    {"t": 60}
                  ],
                  "ix": 1
                },
                "e": {
                  "a": 1,
                  "k": [
                    {"i": {"x": [0.833], "y": [0.833]}, "o": {"x": [0.167], "y": [0.167]}, "n": ["0p833_0p833_0p167_0p167"], "t": 15, "s": [45], "e": [20]},
                    {"i": {"x": [0.833], "y": [0.833]}, "o": {"x": [0.167], "y": [0.167]}, "n": ["0p833_0p833_0p167_0p167"], "t": 27, "s": [20], "e": [1]},
                    {"t": 60}
                  ],
                  "ix": 2
                },
                "o": {"a": 0, "k": 0, "ix": 3},
                "m": 1,
                "ix": 2,
                "nm": "Trim Paths 1",
                "mn": "ADBE Vector Filter - Trim"
              },
              {
                "ty": "st",
                "c": {
                  "a": 1,
                  "k": [
                    {"i": {"x": [0.833], "y": [0.833]}, "o": {"x": [0.167], "y": [0.167]}, "n": ["0p833_0p833_0p167_0p167"], "t": 15, "s": [0.173, 0.569, 0.788, 1], "e": [0.329, 0.596, 0.8, 1]},
                    {"i": {"x": [0.833], "y": [0.833]}, "o": {"x": [0.167], "y": [0.167]}, "n": ["0p833_0p833_0p167_0p167"], "t": 27, "s": [0.329, 0.596, 0.8, 1], "e": [0.549, 0.275, 0.71, 1]},
                    {"t": 37}
                  ]
                },
                "o": {"a": 0, "k": 100},
                "w": {"a": 1, "k": [{"i": {"x": [0.833], "y": [0.833]}, "o": {"x": [0.167], "y": [0.167]}, "n": ["0p833_0p833_0p167_0p167"], "t": 27, "s": [5], "e": [0]}, {"t": 60}]},
                "lc": 2,
                "lj": 1,
                "ml": 4,
                "nm": "Stroke 1",
                "mn": "ADBE Vector Graphic - Stroke"
              },
              {
                "ty": "tr",
                "p": {"a": 0, "k": [0, 0], "ix": 2},
                "a": {"a": 0, "k": [0, 0], "ix": 1},
                "s": {"a": 0, "k": [100, 100], "ix": 3},
                "r": {"a": 0, "k": 0, "ix": 6},
                "o": {"a": 0, "k": 100, "ix": 7},
                "sk": {"a": 0, "k": 0, "ix": 4},
                "sa": {"a": 0, "k": 0, "ix": 5},
                "nm": "Transform"
              }
            ],
            "nm": "Shape 1",
            "np": 3,
            "mn": "ADBE Vector Group"
          }
        ],
        "ip": 15,
        "op": 61,
        "st": -73,
        "bm": 0,
        "sr": 1
      },
      {
        "ddd": 0,
        "ind": 10,
        "ty": 4,
        "nm": "Dot6",
        "ks": {"o": {"a": 0, "k": 100}, "r": {"a": 0, "k": -117.1}, "p": {"a": 0, "k": [22, 22, 0]}, "a": {"a": 0, "k": [0, 0, 0]}, "s": {"a": 0, "k": [40, 40, 100]}},
        "ao": 0,
        "shapes": [
          {
            "ty": "gr",
            "it": [
              {"ind": 0, "ty": "sh", "ks": {"a": 0, "k": {"i": [[0, 0], [0, 0]], "o": [[0, 0], [0, 0]], "v": [[-37.5, -40.5], [-1, 0.5]], "c": false}}, "nm": "Path 1", "mn": "ADBE Vector Shape - Group"},
              {
                "ty": "tm",
                "s": {
                  "a": 1,
                  "k": [
                    {"i": {"x": [0.833], "y": [0.833]}, "o": {"x": [0.167], "y": [0.167]}, "n": ["0p833_0p833_0p167_0p167"], "t": 15, "s": [47], "e": [29]},
                    {"i": {"x": [0.833], "y": [0.833]}, "o": {"x": [0.167], "y": [0.167]}, "n": ["0p833_0p833_0p167_0p167"], "t": 27, "s": [29], "e": [9]},
                    {"t": 49}
                  ],
                  "ix": 1
                },
                "e": {
                  "a": 1,
                  "k": [
                    {"i": {"x": [0.833], "y": [0.833]}, "o": {"x": [0.167], "y": [0.167]}, "n": ["0p833_0p833_0p167_0p167"], "t": 15, "s": [48], "e": [30]},
                    {"i": {"x": [0.833], "y": [0.833]}, "o": {"x": [0.167], "y": [0.167]}, "n": ["0p833_0p833_0p167_0p167"], "t": 27, "s": [30], "e": [10]},
                    {"t": 49}
                  ],
                  "ix": 2
                },
                "o": {"a": 0, "k": 0, "ix": 3},
                "m": 1,
                "ix": 2,
                "nm": "Trim Paths 1",
                "mn": "ADBE Vector Filter - Trim"
              },
              {
                "ty": "st",
                "c": {"a": 1, "k": [{"i": {"x": [0.833], "y": [0.833]}, "o": {"x": [0.167], "y": [0.167]}, "n": ["0p833_0p833_0p167_0p167"], "t": 15, "s": [0.173, 0.569, 0.788, 1], "e": [0.702, 0.843, 0.659, 1]}, {"t": 27}]},
                "o": {"a": 0, "k": 100},
                "w": {
                  "a": 1,
                  "k": [
                    {"i": {"x": [0.833], "y": [0.833]}, "o": {"x": [0.167], "y": [0.167]}, "n": ["0p833_0p833_0p167_0p167"], "t": 15, "s": [5], "e": [2]},
                    {"i": {"x": [0.833], "y": [0.833]}, "o": {"x": [0.167], "y": [0.167]}, "n": ["0p833_0p833_0p167_0p167"], "t": 27, "s": [2], "e": [0]},
                    {"t": 41}
                  ]
                },
                "lc": 2,
                "lj": 1,
                "ml": 4,
                "nm": "Stroke 1",
                "mn": "ADBE Vector Graphic - Stroke"
              },
              {"ty": "tm", "s": {"a": 0, "k": 29, "ix": 1}, "e": {"a": 0, "k": 30, "ix": 2}, "o": {"a": 0, "k": 0, "ix": 3}, "m": 1, "ix": 4, "nm": "Trim Paths 2", "mn": "ADBE Vector Filter - Trim"},
              {
                "ty": "tr",
                "p": {"a": 0, "k": [0, 0], "ix": 2},
                "a": {"a": 0, "k": [0, 0], "ix": 1},
                "s": {"a": 0, "k": [100, 100], "ix": 3},
                "r": {"a": 0, "k": 0, "ix": 6},
                "o": {"a": 0, "k": 100, "ix": 7},
                "sk": {"a": 0, "k": 0, "ix": 4},
                "sa": {"a": 0, "k": 0, "ix": 5},
                "nm": "Transform"
              }
            ],
            "nm": "Shape 1",
            "np": 4,
            "mn": "ADBE Vector Group"
          }
        ],
        "ip": 15,
        "op": 61,
        "st": -73,
        "bm": 0,
        "sr": 1
      },
      {
        "ddd": 0,
        "ind": 11,
        "ty": 4,
        "nm": "Dot5",
        "ks": {"o": {"a": 0, "k": 100}, "r": {"a": 0, "k": -103.7}, "p": {"a": 0, "k": [22, 22, 0]}, "a": {"a": 0, "k": [0, 0, 0]}, "s": {"a": 0, "k": [40, 40, 100]}},
        "ao": 0,
        "shapes": [
          {
            "ty": "gr",
            "it": [
              {"ind": 0, "ty": "sh", "ks": {"a": 0, "k": {"i": [[0, 0], [0, 0]], "o": [[0, 0], [0, 0]], "v": [[-37.5, -40.5], [-1, 0.5]], "c": false}}, "nm": "Path 1", "mn": "ADBE Vector Shape - Group"},
              {
                "ty": "tm",
                "s": {
                  "a": 1,
                  "k": [
                    {"i": {"x": [0.833], "y": [0.833]}, "o": {"x": [0.167], "y": [0.167]}, "n": ["0p833_0p833_0p167_0p167"], "t": 15, "s": [44], "e": [19]},
                    {"i": {"x": [0.833], "y": [0.833]}, "o": {"x": [0.167], "y": [0.167]}, "n": ["0p833_0p833_0p167_0p167"], "t": 27, "s": [19], "e": [0]},
                    {"t": 60}
                  ],
                  "ix": 1
                },
                "e": {
                  "a": 1,
                  "k": [
                    {"i": {"x": [0.833], "y": [0.833]}, "o": {"x": [0.167], "y": [0.167]}, "n": ["0p833_0p833_0p167_0p167"], "t": 15, "s": [45], "e": [20]},
                    {"i": {"x": [0.833], "y": [0.833]}, "o": {"x": [0.167], "y": [0.167]}, "n": ["0p833_0p833_0p167_0p167"], "t": 27, "s": [20], "e": [1]},
                    {"t": 60}
                  ],
                  "ix": 2
                },
                "o": {"a": 0, "k": 0, "ix": 3},
                "m": 1,
                "ix": 2,
                "nm": "Trim Paths 1",
                "mn": "ADBE Vector Filter - Trim"
              },
              {
                "ty": "st",
                "c": {
                  "a": 1,
                  "k": [
                    {"i": {"x": [0.833], "y": [0.833]}, "o": {"x": [0.167], "y": [0.167]}, "n": ["0p833_0p833_0p167_0p167"], "t": 15, "s": [0.722, 0.847, 0.949, 1], "e": [0.173, 0.569, 0.788, 1]},
                    {"i": {"x": [0.833], "y": [0.833]}, "o": {"x": [0.167], "y": [0.167]}, "n": ["0p833_0p833_0p167_0p167"], "t": 27, "s": [0.173, 0.569, 0.788, 1], "e": [0.392, 0.659, 0.086, 1]},
                    {"t": 37}
                  ]
                },
                "o": {"a": 0, "k": 100},
                "w": {"a": 1, "k": [{"i": {"x": [0.833], "y": [0.833]}, "o": {"x": [0.167], "y": [0.167]}, "n": ["0p833_0p833_0p167_0p167"], "t": 27, "s": [5], "e": [0]}, {"t": 60}]},
                "lc": 2,
                "lj": 1,
                "ml": 4,
                "nm": "Stroke 1",
                "mn": "ADBE Vector Graphic - Stroke"
              },
              {
                "ty": "tr",
                "p": {"a": 0, "k": [0, 0], "ix": 2},
                "a": {"a": 0, "k": [0, 0], "ix": 1},
                "s": {"a": 0, "k": [100, 100], "ix": 3},
                "r": {"a": 0, "k": 0, "ix": 6},
                "o": {"a": 0, "k": 100, "ix": 7},
                "sk": {"a": 0, "k": 0, "ix": 4},
                "sa": {"a": 0, "k": 0, "ix": 5},
                "nm": "Transform"
              }
            ],
            "nm": "Shape 1",
            "np": 3,
            "mn": "ADBE Vector Group"
          }
        ],
        "ip": 15,
        "op": 61,
        "st": -73,
        "bm": 0,
        "sr": 1
      },
      {
        "ddd": 0,
        "ind": 12,
        "ty": 4,
        "nm": "Dot4",
        "ks": {"o": {"a": 0, "k": 100}, "r": {"a": 0, "k": -69.3}, "p": {"a": 0, "k": [22, 22, 0]}, "a": {"a": 0, "k": [0, 0, 0]}, "s": {"a": 0, "k": [40, 40, 100]}},
        "ao": 0,
        "shapes": [
          {
            "ty": "gr",
            "it": [
              {"ind": 0, "ty": "sh", "ks": {"a": 0, "k": {"i": [[0, 0], [0, 0]], "o": [[0, 0], [0, 0]], "v": [[-37.5, -40.5], [-1, 0.5]], "c": false}}, "nm": "Path 1", "mn": "ADBE Vector Shape - Group"},
              {
                "ty": "tm",
                "s": {
                  "a": 1,
                  "k": [
                    {"i": {"x": [0.833], "y": [0.833]}, "o": {"x": [0.167], "y": [0.167]}, "n": ["0p833_0p833_0p167_0p167"], "t": 15, "s": [47], "e": [29]},
                    {"i": {"x": [0.833], "y": [0.833]}, "o": {"x": [0.167], "y": [0.167]}, "n": ["0p833_0p833_0p167_0p167"], "t": 27, "s": [29], "e": [9]},
                    {"t": 49}
                  ],
                  "ix": 1
                },
                "e": {
                  "a": 1,
                  "k": [
                    {"i": {"x": [0.833], "y": [0.833]}, "o": {"x": [0.167], "y": [0.167]}, "n": ["0p833_0p833_0p167_0p167"], "t": 15, "s": [48], "e": [30]},
                    {"i": {"x": [0.833], "y": [0.833]}, "o": {"x": [0.167], "y": [0.167]}, "n": ["0p833_0p833_0p167_0p167"], "t": 27, "s": [30], "e": [10]},
                    {"t": 49}
                  ],
                  "ix": 2
                },
                "o": {"a": 0, "k": 0, "ix": 3},
                "m": 1,
                "ix": 2,
                "nm": "Trim Paths 1",
                "mn": "ADBE Vector Filter - Trim"
              },
              {
                "ty": "st",
                "c": {"a": 1, "k": [{"i": {"x": [0.833], "y": [0.833]}, "o": {"x": [0.167], "y": [0.167]}, "n": ["0p833_0p833_0p167_0p167"], "t": 15, "s": [0.173, 0.569, 0.788, 1], "e": [0.702, 0.847, 0.659, 1]}, {"t": 27}]},
                "o": {"a": 0, "k": 100},
                "w": {
                  "a": 1,
                  "k": [
                    {"i": {"x": [0.833], "y": [0.833]}, "o": {"x": [0.167], "y": [0.167]}, "n": ["0p833_0p833_0p167_0p167"], "t": 15, "s": [5], "e": [2]},
                    {"i": {"x": [0.833], "y": [0.833]}, "o": {"x": [0.167], "y": [0.167]}, "n": ["0p833_0p833_0p167_0p167"], "t": 27, "s": [2], "e": [0]},
                    {"t": 41}
                  ]
                },
                "lc": 2,
                "lj": 1,
                "ml": 4,
                "nm": "Stroke 1",
                "mn": "ADBE Vector Graphic - Stroke"
              },
              {
                "ty": "tr",
                "p": {"a": 0, "k": [0, 0], "ix": 2},
                "a": {"a": 0, "k": [0, 0], "ix": 1},
                "s": {"a": 0, "k": [100, 100], "ix": 3},
                "r": {"a": 0, "k": 0, "ix": 6},
                "o": {"a": 0, "k": 100, "ix": 7},
                "sk": {"a": 0, "k": 0, "ix": 4},
                "sa": {"a": 0, "k": 0, "ix": 5},
                "nm": "Transform"
              }
            ],
            "nm": "Shape 1",
            "np": 3,
            "mn": "ADBE Vector Group"
          }
        ],
        "ip": 15,
        "op": 61,
        "st": -73,
        "bm": 0,
        "sr": 1
      },
      {
        "ddd": 0,
        "ind": 13,
        "ty": 4,
        "nm": "Dot3",
        "ks": {"o": {"a": 0, "k": 100}, "r": {"a": 0, "k": -55.9}, "p": {"a": 0, "k": [22, 22, 0]}, "a": {"a": 0, "k": [0, 0, 0]}, "s": {"a": 0, "k": [40, 40, 100]}},
        "ao": 0,
        "shapes": [
          {
            "ty": "gr",
            "it": [
              {"ind": 0, "ty": "sh", "ks": {"a": 0, "k": {"i": [[0, 0], [0, 0]], "o": [[0, 0], [0, 0]], "v": [[-37.5, -40.5], [-1, 0.5]], "c": false}}, "nm": "Path 1", "mn": "ADBE Vector Shape - Group"},
              {
                "ty": "tm",
                "s": {
                  "a": 1,
                  "k": [
                    {"i": {"x": [0.833], "y": [0.833]}, "o": {"x": [0.167], "y": [0.167]}, "n": ["0p833_0p833_0p167_0p167"], "t": 15, "s": [44], "e": [19]},
                    {"i": {"x": [0.833], "y": [0.833]}, "o": {"x": [0.167], "y": [0.167]}, "n": ["0p833_0p833_0p167_0p167"], "t": 27, "s": [19], "e": [0]},
                    {"t": 60}
                  ],
                  "ix": 1
                },
                "e": {
                  "a": 1,
                  "k": [
                    {"i": {"x": [0.833], "y": [0.833]}, "o": {"x": [0.167], "y": [0.167]}, "n": ["0p833_0p833_0p167_0p167"], "t": 15, "s": [45], "e": [20]},
                    {"i": {"x": [0.833], "y": [0.833]}, "o": {"x": [0.167], "y": [0.167]}, "n": ["0p833_0p833_0p167_0p167"], "t": 27, "s": [20], "e": [1]},
                    {"t": 60}
                  ],
                  "ix": 2
                },
                "o": {"a": 0, "k": 0, "ix": 3},
                "m": 1,
                "ix": 2,
                "nm": "Trim Paths 1",
                "mn": "ADBE Vector Filter - Trim"
              },
              {
                "ty": "st",
                "c": {
                  "a": 1,
                  "k": [
                    {"i": {"x": [0.833], "y": [0.833]}, "o": {"x": [0.167], "y": [0.167]}, "n": ["0p833_0p833_0p167_0p167"], "t": 15, "s": [0.643, 0.812, 0.973, 1], "e": [0.173, 0.569, 0.788, 1]},
                    {"i": {"x": [0.833], "y": [0.833]}, "o": {"x": [0.167], "y": [0.167]}, "n": ["0p833_0p833_0p167_0p167"], "t": 27, "s": [0.173, 0.569, 0.788, 1], "e": [0.549, 0.275, 0.71, 1]},
                    {"t": 37}
                  ]
                },
                "o": {"a": 0, "k": 100},
                "w": {"a": 1, "k": [{"i": {"x": [0.833], "y": [0.833]}, "o": {"x": [0.167], "y": [0.167]}, "n": ["0p833_0p833_0p167_0p167"], "t": 27, "s": [5], "e": [0]}, {"t": 60}]},
                "lc": 2,
                "lj": 1,
                "ml": 4,
                "nm": "Stroke 1",
                "mn": "ADBE Vector Graphic - Stroke"
              },
              {
                "ty": "tr",
                "p": {"a": 0, "k": [0, 0], "ix": 2},
                "a": {"a": 0, "k": [0, 0], "ix": 1},
                "s": {"a": 0, "k": [100, 100], "ix": 3},
                "r": {"a": 0, "k": 0, "ix": 6},
                "o": {"a": 0, "k": 100, "ix": 7},
                "sk": {"a": 0, "k": 0, "ix": 4},
                "sa": {"a": 0, "k": 0, "ix": 5},
                "nm": "Transform"
              }
            ],
            "nm": "Shape 1",
            "np": 3,
            "mn": "ADBE Vector Group"
          }
        ],
        "ip": 15,
        "op": 61,
        "st": -73,
        "bm": 0,
        "sr": 1
      },
      {
        "ddd": 0,
        "ind": 14,
        "ty": 4,
        "nm": "Dot2",
        "ks": {"o": {"a": 0, "k": 100}, "r": {"a": 0, "k": -13.4}, "p": {"a": 0, "k": [22, 22, 0]}, "a": {"a": 0, "k": [0, 0, 0]}, "s": {"a": 0, "k": [40, 40, 100]}},
        "ao": 0,
        "shapes": [
          {
            "ty": "gr",
            "it": [
              {"ind": 0, "ty": "sh", "ks": {"a": 0, "k": {"i": [[0, 0], [0, 0]], "o": [[0, 0], [0, 0]], "v": [[-37.5, -40.5], [-1, 0.5]], "c": false}}, "nm": "Path 1", "mn": "ADBE Vector Shape - Group"},
              {
                "ty": "tm",
                "s": {
                  "a": 1,
                  "k": [
                    {"i": {"x": [0.833], "y": [0.833]}, "o": {"x": [0.167], "y": [0.167]}, "n": ["0p833_0p833_0p167_0p167"], "t": 15, "s": [47], "e": [29]},
                    {"i": {"x": [0.833], "y": [0.833]}, "o": {"x": [0.167], "y": [0.167]}, "n": ["0p833_0p833_0p167_0p167"], "t": 27, "s": [29], "e": [9]},
                    {"t": 49}
                  ],
                  "ix": 1
                },
                "e": {
                  "a": 1,
                  "k": [
                    {"i": {"x": [0.833], "y": [0.833]}, "o": {"x": [0.167], "y": [0.167]}, "n": ["0p833_0p833_0p167_0p167"], "t": 15, "s": [48], "e": [30]},
                    {"i": {"x": [0.833], "y": [0.833]}, "o": {"x": [0.167], "y": [0.167]}, "n": ["0p833_0p833_0p167_0p167"], "t": 27, "s": [30], "e": [10]},
                    {"t": 49}
                  ],
                  "ix": 2
                },
                "o": {"a": 0, "k": 0, "ix": 3},
                "m": 1,
                "ix": 2,
                "nm": "Trim Paths 1",
                "mn": "ADBE Vector Filter - Trim"
              },
              {
                "ty": "st",
                "c": {"a": 1, "k": [{"i": {"x": [0.833], "y": [0.833]}, "o": {"x": [0.167], "y": [0.167]}, "n": ["0p833_0p833_0p167_0p167"], "t": 15, "s": [0.173, 0.569, 0.788, 1], "e": [0.631, 0.51, 0.624, 1]}, {"t": 27}]},
                "o": {"a": 0, "k": 100},
                "w": {
                  "a": 1,
                  "k": [
                    {"i": {"x": [0.833], "y": [0.833]}, "o": {"x": [0.167], "y": [0.167]}, "n": ["0p833_0p833_0p167_0p167"], "t": 15, "s": [5], "e": [2]},
                    {"i": {"x": [0.833], "y": [0.833]}, "o": {"x": [0.167], "y": [0.167]}, "n": ["0p833_0p833_0p167_0p167"], "t": 27, "s": [2], "e": [0]},
                    {"t": 41}
                  ]
                },
                "lc": 2,
                "lj": 1,
                "ml": 4,
                "nm": "Stroke 1",
                "mn": "ADBE Vector Graphic - Stroke"
              },
              {
                "ty": "tr",
                "p": {"a": 0, "k": [0, 0], "ix": 2},
                "a": {"a": 0, "k": [0, 0], "ix": 1},
                "s": {"a": 0, "k": [100, 100], "ix": 3},
                "r": {"a": 0, "k": 0, "ix": 6},
                "o": {"a": 0, "k": 100, "ix": 7},
                "sk": {"a": 0, "k": 0, "ix": 4},
                "sa": {"a": 0, "k": 0, "ix": 5},
                "nm": "Transform"
              }
            ],
            "nm": "Shape 1",
            "np": 3,
            "mn": "ADBE Vector Group"
          }
        ],
        "ip": 15,
        "op": 61,
        "st": -73,
        "bm": 0,
        "sr": 1
      },
      {
        "ddd": 0,
        "ind": 15,
        "ty": 4,
        "nm": "Dot1",
        "ks": {"o": {"a": 0, "k": 100}, "r": {"a": 0, "k": 0}, "p": {"a": 0, "k": [22, 22, 0]}, "a": {"a": 0, "k": [0, 0, 0]}, "s": {"a": 0, "k": [40, 40, 100]}},
        "ao": 0,
        "shapes": [
          {
            "ty": "gr",
            "it": [
              {"ind": 0, "ty": "sh", "ks": {"a": 0, "k": {"i": [[0, 0], [0, 0]], "o": [[0, 0], [0, 0]], "v": [[-37.5, -40.5], [-1, 0.5]], "c": false}}, "nm": "Path 1", "mn": "ADBE Vector Shape - Group"},
              {
                "ty": "tm",
                "s": {
                  "a": 1,
                  "k": [
                    {"i": {"x": [0.833], "y": [0.833]}, "o": {"x": [0.167], "y": [0.167]}, "n": ["0p833_0p833_0p167_0p167"], "t": 15, "s": [44], "e": [19]},
                    {"i": {"x": [0.833], "y": [0.833]}, "o": {"x": [0.167], "y": [0.167]}, "n": ["0p833_0p833_0p167_0p167"], "t": 27, "s": [19], "e": [0]},
                    {"t": 60}
                  ],
                  "ix": 1
                },
                "e": {
                  "a": 1,
                  "k": [
                    {"i": {"x": [0.833], "y": [0.833]}, "o": {"x": [0.167], "y": [0.167]}, "n": ["0p833_0p833_0p167_0p167"], "t": 15, "s": [45], "e": [20]},
                    {"i": {"x": [0.833], "y": [0.833]}, "o": {"x": [0.167], "y": [0.167]}, "n": ["0p833_0p833_0p167_0p167"], "t": 27, "s": [20], "e": [1]},
                    {"t": 60}
                  ],
                  "ix": 2
                },
                "o": {"a": 0, "k": 0, "ix": 3},
                "m": 1,
                "ix": 2,
                "nm": "Trim Paths 1",
                "mn": "ADBE Vector Filter - Trim"
              },
              {
                "ty": "st",
                "c": {"a": 1, "k": [{"i": {"x": [0.833], "y": [0.833]}, "o": {"x": [0.167], "y": [0.167]}, "n": ["0p833_0p833_0p167_0p167"], "t": 15, "s": [0.173, 0.569, 0.788, 1], "e": [0.941, 0.561, 0, 1]}, {"t": 27}]},
                "o": {"a": 0, "k": 100},
                "w": {"a": 1, "k": [{"i": {"x": [0.833], "y": [0.833]}, "o": {"x": [0.167], "y": [0.167]}, "n": ["0p833_0p833_0p167_0p167"], "t": 27, "s": [5], "e": [0]}, {"t": 60}]},
                "lc": 2,
                "lj": 1,
                "ml": 4,
                "nm": "Stroke 1",
                "mn": "ADBE Vector Graphic - Stroke"
              },
              {
                "ty": "tr",
                "p": {"a": 0, "k": [0, 0], "ix": 2},
                "a": {"a": 0, "k": [0, 0], "ix": 1},
                "s": {"a": 0, "k": [100, 100], "ix": 3},
                "r": {"a": 0, "k": 0, "ix": 6},
                "o": {"a": 0, "k": 100, "ix": 7},
                "sk": {"a": 0, "k": 0, "ix": 4},
                "sa": {"a": 0, "k": 0, "ix": 5},
                "nm": "Transform"
              }
            ],
            "nm": "Shape 1",
            "np": 3,
            "mn": "ADBE Vector Group"
          }
        ],
        "ip": 15,
        "op": 61,
        "st": -73,
        "bm": 0,
        "sr": 1
      },
      {
        "ddd": 0,
        "ind": 16,
        "ty": 4,
        "nm": "C2",
        "ks": {"o": {"a": 0, "k": 100}, "r": {"a": 0, "k": 0}, "p": {"a": 0, "k": [22, 22, 0]}, "a": {"a": 0, "k": [0, 0, 0]}, "s": {"a": 0, "k": [40, 40, 100]}},
        "ao": 0,
        "shapes": [
          {
            "ty": "gr",
            "it": [
              {
                "d": 1,
                "ty": "el",
                "s": {
                  "a": 1,
                  "k": [
                    {"i": {"x": [0.833, 0.833], "y": [0.833, 0.833]}, "o": {"x": [0.167, 0.167], "y": [0.167, 0.167]}, "n": ["0p833_0p833_0p167_0p167", "0p833_0p833_0p167_0p167"], "t": 9, "s": [25.744, 25.744], "e": [60.744, 60.744]},
                    {"t": 16}
                  ]
                },
                "p": {"a": 0, "k": [0, 0]},
                "nm": "Ellipse Path 1",
                "mn": "ADBE Vector Shape - Ellipse"
              },
              {
                "ty": "st",
                "c": {"a": 0, "k": [0.941, 0.561, 0, 1]},
                "o": {"a": 0, "k": 100},
                "w": {"a": 1, "k": [{"i": {"x": [0.833], "y": [0.833]}, "o": {"x": [0.167], "y": [0.167]}, "n": ["0p833_0p833_0p167_0p167"], "t": 9, "s": [23.3], "e": [1]}, {"t": 16}]},
                "lc": 1,
                "lj": 1,
                "ml": 4,
                "nm": "Stroke 1",
                "mn": "ADBE Vector Graphic - Stroke"
              },
              {
                "ty": "tr",
                "p": {"a": 0, "k": [0, 0], "ix": 2},
                "a": {"a": 0, "k": [0, 0], "ix": 1},
                "s": {"a": 0, "k": [100, 100], "ix": 3},
                "r": {"a": 0, "k": 0, "ix": 6},
                "o": {"a": 0, "k": 100, "ix": 7},
                "sk": {"a": 0, "k": 0, "ix": 4},
                "sa": {"a": 0, "k": 0, "ix": 5},
                "nm": "Transform"
              }
            ],
            "nm": "Ellipse 1",
            "np": 2,
            "mn": "ADBE Vector Group"
          }
        ],
        "ip": 9,
        "op": 17,
        "st": -76,
        "bm": 0,
        "sr": 1
      },
      {
        "ddd": 0,
        "ind": 17,
        "ty": 4,
        "nm": "C1",
        "ks": {
          "o": {"a": 0, "k": 100},
          "r": {"a": 0, "k": 0},
          "p": {"a": 0, "k": [22, 22, 0]},
          "a": {"a": 0, "k": [0, 0, 0]},
          "s": {
            "a": 1,
            "k": [
              {
                "i": {"x": [0.833, 0.833, 0.833], "y": [0.833, 0.833, 0.833]},
                "o": {"x": [0.167, 0.167, 0.167], "y": [0.167, 0.167, 0.167]},
                "n": ["0p833_0p833_0p167_0p167", "0p833_0p833_0p167_0p167", "0p833_0p833_0p167_0p167"],
                "t": 4,
                "s": [4, 4, 100],
                "e": [40, 40, 100]
              },
              {"t": 10}
            ]
          }
        },
        "ao": 0,
        "shapes": [
          {
            "ty": "gr",
            "it": [
              {"d": 1, "ty": "el", "s": {"a": 0, "k": [57.344, 57.344]}, "p": {"a": 0, "k": [0, 0]}, "nm": "Ellipse Path 1", "mn": "ADBE Vector Shape - Ellipse"},
              {
                "ty": "fl",
                "c": {"a": 1, "k": [{"i": {"x": [0.833], "y": [0.833]}, "o": {"x": [0.167], "y": [0.167]}, "n": ["0p833_0p833_0p167_0p167"], "t": 4, "s": [0.941, 0.561, 0, 1], "e": [0.812, 0.565, 0.969, 1]}, {"t": 10}]},
                "o": {"a": 0, "k": 100},
                "r": 1,
                "nm": "Fill 1",
                "mn": "ADBE Vector Graphic - Fill"
              },
              {
                "ty": "tr",
                "p": {"a": 0, "k": [0, 0], "ix": 2},
                "a": {"a": 0, "k": [0, 0], "ix": 1},
                "s": {"a": 0, "k": [100, 100], "ix": 3},
                "r": {"a": 0, "k": 0, "ix": 6},
                "o": {"a": 0, "k": 100, "ix": 7},
                "sk": {"a": 0, "k": 0, "ix": 4},
                "sa": {"a": 0, "k": 0, "ix": 5},
                "nm": "Transform"
              }
            ],
            "nm": "Ellipse 1",
            "np": 3,
            "mn": "ADBE Vector Group"
          }
        ],
        "ip": 4,
        "op": 10,
        "st": -75,
        "bm": 0,
        "sr": 1
      }
    ]
  }
  
