[{ "font": 25, "align": "center", "text": "欢迎来到 宁静之地"},
{ "font": 20, "align": "center", "text": "这里 没有那些粗体标题\n各种文字冲着你大喊大叫"},
{ "font": 20, "align": "center", "text": "没有各种领导和上级"},
{ "font": 25, "align": "center", "text": "也没有微信的通知"},
{ "font": 30, "align": "center", "text": "或者 微博"},
{ "font": 35, "align": "center", "text": "今日头条"},
{ "font": 40, "align": "center", "text": "手机签到"},
{ "font": 45, "align": "center", "text": "电子邮件"},
{ "font": 50, "align": "center", "text": "QQ 消息"},
{ "font": 35, "align": "center", "text": "等等"},
{ "font": 45, "align": "center", "text": "等等"},
{ "font": 55, "align": "center", "text": "等等"},
{ "font": 20, "align": "center", "text": "..."},
{ "font": 14, "align": "center", "text": "哦"},
{ "font": 20, "align": "center", "text": "你是否意识到，有多少事情在分散着你的注意力？"},
{ "font": 20, "align": "center", "text": "你是不是正在想，有好多重要的消息正在等着去看啊"},
{ "font": 20, "align": "center", "text": "试试保持冷静"},
{ "font": 20, "align": "center", "text": "仅仅那么几分钟"},
{ "font": 20, "align": "center", "text": "单纯地让头脑放空一会儿"},
{ "font": 20, "align": "center", "text": "我可以保证你并不会错过任何一件不容等待的重要事情"},
{ "font": 20, "align": "center", "text": "如果还在担心，我可以帮你概括一下"},
{ "font": 20, "align": "center", "text": "有一些你并不熟悉的“朋友”，对于最近发生的事件做了些所谓的评论"},
{ "font": 20, "align": "center", "text": "你觉得这完全是场闹剧，不是么？"},
{ "font": 20, "align": "center", "text": "一个关于我们人类究竟怎么了的闹剧"},
{ "font": 20, "align": "center", "text": "然而，每一场闹剧，都反映着一丝真相。"},
{ "font": 20, "align": "center", "text": "这个真相就是伴随这些所谓的\"伟大的社交服务\"\n我们忽略了一些东西"},
{ "font": 20, "align": "center", "text": "我们忘记了 时不时地\n暂停一下"},
{ "font": 20, "align": "center", "text": "真正地 休息一下"},
{ "font": 20, "align": "center", "text": "在公园里面走走\n或者去大山里面远足\n是如此美好"},
{ "font": 20, "align": "center", "text": "但如果带着手机\n就可能什么也做不了"},
{ "font": 20, "align": "center", "text": "你还在为这些\n没有意义的小事情\n消耗着心思"},
{ "font": 20, "align": "center", "text": "没有意义的,  小,  事情。"},
{ "font": 20, "align": "center", "text": "没有意义的"},
{ "font": 14, "align": "center", "text": "小"},
{ "font": 10, "align": "center", "text": "事情"},
{ "font": 22, "align": "center", "text": "一个朋友回复了你的状态"},
{ "font": 26, "align": "center", "text": "一个朋友给你分享了一个视频"},
{ "font": 30, "align": "center", "text": "一个朋友发了自拍"},
{ "font": 34, "align": "center", "text": "一个朋友给你分享的链接点赞"},
{ "font": 44, "align": "center", "text": "一个朋友在什么地方签到"},
{ "font": 48, "align": "center", "text": "一个朋友\n这这"},
{ "font": 50, "align": "center", "text": "一个朋友\n那那"},
{ "font": 55, "align": "center", "text": "一个朋友\n……"},
{ "font": 63, "align": "center", "text": "一个朋友\n……"},
{ "font": 70, "align": "center", "text": "一个朋友\n……"},
{ "font": 80, "align": "center", "text": "毫无意义"},
{ "font": 90, "align": "center", "text": "小"},
{ "font": 10, "align": "center", "text": "事情"},
{ "font": 20, "align": "center", "text": "..."},
{ "font": 20, "align": "center", "text": "放轻松"},
{ "font": 20, "align": "center", "text": "维持 30 秒什么都别想\n真的，试试又不会怀孕\n仅仅就 30 秒钟。"},
{ "font": 20, "align": "center", "text": "30"},
{ "font": 20, "align": "center", "text": "29"},
{ "font": 20, "align": "center", "text": "28"},
{ "font": 20, "align": "center", "text": "27"},
{ "font": 20, "align": "center", "text": "26"},
{ "font": 20, "align": "center", "text": "25"},
{ "font": 20, "align": "center", "text": "24"},
{ "font": 20, "align": "center", "text": "23"},
{ "font": 20, "align": "center", "text": "22"},
{ "font": 20, "align": "center", "text": "21"},
{ "font": 20, "align": "center", "text": "20"},
{ "font": 20, "align": "center", "text": "19"},
{ "font": 20, "align": "center", "text": "18"},
{ "font": 20, "align": "center", "text": "17"},
{ "font": 20, "align": "center", "text": "16"},
{ "font": 20, "align": "center", "text": "15"},
{ "font": 20, "align": "center", "text": "14"},
{ "font": 20, "align": "center", "text": "13"},
{ "font": 20, "align": "center", "text": "12"},
{ "font": 20, "align": "center", "text": "11"},
{ "font": 20, "align": "center", "text": "10"},
{ "font": 20, "align": "center", "text": "9"},
{ "font": 20, "align": "center", "text": "8"},
{ "font": 20, "align": "center", "text": "7"},
{ "font": 20, "align": "center", "text": "6"},
{ "font": 20, "align": "center", "text": "5"},
{ "font": 20, "align": "center", "text": "4"},
{ "font": 20, "align": "center", "text": "3"},
{ "font": 20, "align": "center", "text": "2"},
{ "font": 20, "align": "center", "text": "1"},
{ "font": 20, "align": "center", "text": "感觉很好，不是么?"},
{ "font": 20, "align": "center", "text": ":)"},
{ "font": 20, "align": "center", "text": "我就要说再见了"},
{ "font": 20, "align": "center", "text": "让你回到\n充满各种通知的世界里"},
{ "font": 20, "align": "center", "text": "但在这之前\n我还想给你一点儿建议"},
{ "font": 20, "align": "center", "text": "时不时地"},
{ "font": 20, "align": "center", "text": "停下所有正在做的事情"},
{ "font": 20, "align": "center", "text": "到你的宁静之地去"},
{ "font": 20, "align": "center", "text": "再见"}]