{"v":"5.3.0","fr":60,"ip":0,"op":60,"w":1125,"h":1125,"nm":"JSBox LOGO LOOP","ddd":0,"assets":[{"id":"image_0","w":1024,"h":1024,"u":"images/","p":"IMG_9503.png","e":0},{"id":"comp_0","layers":[{"ddd":0,"ind":1,"ty":0,"nm":"箭头","refId":"comp_1","sr":1,"ks":{"o":{"a":0,"k":100,"ix":11},"r":{"a":0,"k":0,"ix":10},"p":{"a":0,"k":[562.5,1218,0],"ix":2},"a":{"a":0,"k":[562.5,1218,0],"ix":1},"s":{"a":0,"k":[100,100,100],"ix":6}},"ao":0,"tm":{"a":1,"k":[{"i":{"x":[0.833],"y":[0.833]},"o":{"x":[0.167],"y":[0.167]},"n":["0p833_0p833_0p167_0p167"],"t":36.037,"s":[0.734],"e":[1.635]},{"t":90.089648241992}],"ix":2},"w":1125,"h":2436,"ip":-8.00800800800801,"op":4792.79279279279,"st":-8.00800800800801,"bm":0},{"ddd":0,"ind":2,"ty":0,"nm":"箭头","refId":"comp_1","sr":1,"ks":{"o":{"a":0,"k":100,"ix":11},"r":{"a":0,"k":0,"ix":10},"p":{"a":0,"k":[562.5,1218,0],"ix":2},"a":{"a":0,"k":[562.5,1218,0],"ix":1},"s":{"a":0,"k":[100,100,100],"ix":6}},"ao":0,"tm":{"a":1,"k":[{"i":{"x":[0.833],"y":[0.833]},"o":{"x":[0.167],"y":[0.167]},"n":["0p833_0p833_0p167_0p167"],"t":32.033,"s":[1.635],"e":[0.734]},{"t":86.085644237988}],"ix":2},"w":1125,"h":2436,"ip":-12.012012012012,"op":4788.78878878879,"st":-12.012012012012,"bm":0},{"ddd":0,"ind":3,"ty":4,"nm":"Shape Layer 12","sr":1,"ks":{"o":{"a":0,"k":100,"ix":11},"r":{"a":0,"k":0,"ix":10},"p":{"a":0,"k":[560,1126,0],"ix":2},"a":{"a":0,"k":[3.5,-92,0],"ix":1},"s":{"a":0,"k":[99,99,100],"ix":6}},"ao":0,"shapes":[{"ty":"gr","it":[{"d":1,"ty":"el","s":{"a":0,"k":[894.625,894.625],"ix":2},"p":{"a":0,"k":[0,0],"ix":3},"nm":"Ellipse Path 1","mn":"ADBE Vector Shape - Ellipse","hd":false},{"ty":"gf","o":{"a":0,"k":100,"ix":10},"r":1,"g":{"p":3,"k":{"a":0,"k":[0,0.373,0.808,0.996,0.5,0.186,0.657,0.998,1,0,0.506,1],"ix":9}},"s":{"a":0,"k":[0,-448],"ix":5},"e":{"a":0,"k":[0,448],"ix":6},"t":1,"nm":"Gradient Fill 1","mn":"ADBE Vector Graphic - G-Fill","hd":false},{"ty":"tr","p":{"a":0,"k":[0.445,-99.602],"ix":2},"a":{"a":0,"k":[0,0],"ix":1},"s":{"a":0,"k":[100,100],"ix":3},"r":{"a":0,"k":0,"ix":6},"o":{"a":0,"k":100,"ix":7},"sk":{"a":0,"k":0,"ix":4},"sa":{"a":0,"k":0,"ix":5},"nm":"Transform"}],"nm":"Ellipse 1","np":2,"cix":2,"ix":1,"mn":"ADBE Vector Group","hd":false}],"ip":0,"op":4800.8008008008,"st":0,"bm":0}]},{"id":"comp_1","layers":[{"ddd":0,"ind":1,"ty":3,"nm":"阴影调节层","sr":1,"ks":{"o":{"a":0,"k":0,"ix":11},"r":{"a":0,"k":0,"ix":10},"p":{"a":0,"k":[562.5,1218,0],"ix":2},"a":{"a":0,"k":[0,0,0],"ix":1},"s":{"a":0,"k":[100,100,100],"ix":6}},"ao":0,"ef":[{"ty":25,"nm":"Drop Shadow","np":9,"mn":"ADBE Drop Shadow","ix":1,"en":1,"ef":[{"ty":2,"nm":"Shadow Color","mn":"ADBE Drop Shadow-0001","ix":1,"v":{"a":0,"k":[0.007843137719,0.517647087574,0.945098042488,1],"ix":1}},{"ty":0,"nm":"Opacity","mn":"ADBE Drop Shadow-0002","ix":2,"v":{"a":0,"k":255,"ix":2}},{"ty":0,"nm":"Direction","mn":"ADBE Drop Shadow-0003","ix":3,"v":{"a":0,"k":178,"ix":3}},{"ty":0,"nm":"Distance","mn":"ADBE Drop Shadow-0004","ix":4,"v":{"a":0,"k":9,"ix":4}},{"ty":0,"nm":"Softness","mn":"ADBE Drop Shadow-0005","ix":5,"v":{"a":0,"k":50,"ix":5}},{"ty":7,"nm":"Shadow Only","mn":"ADBE Drop Shadow-0006","ix":6,"v":{"a":0,"k":0,"ix":6}},{"ty":7,"nm":"GPU Rendering","mn":"ADBE Force CPU GPU","ix":7,"v":{"a":0,"k":1,"ix":7}}]}],"ip":0,"op":4800,"st":0,"bm":0},{"ddd":0,"ind":2,"ty":4,"nm":"Shape Layer 2","sr":1,"ks":{"o":{"a":0,"k":100,"ix":11},"r":{"a":0,"k":0,"ix":10},"p":{"a":0,"k":[562.5,1218,0],"ix":2},"a":{"a":0,"k":[0,0,0],"ix":1},"s":{"a":0,"k":[100,100,100],"ix":6}},"ao":0,"shapes":[],"ip":0,"op":4800,"st":0,"bm":0},{"ddd":0,"ind":3,"ty":2,"nm":"IMG_9503.JPG","cl":"JPG","hd":true,"refId":"image_0","sr":1,"ks":{"o":{"a":0,"k":100,"ix":11},"r":{"a":0,"k":0,"ix":10},"p":{"a":0,"k":[559.5,1121,0],"ix":2},"a":{"a":0,"k":[512,512,0],"ix":1},"s":{"a":0,"k":[100,100,100],"ix":6}},"ao":0,"ip":0,"op":4800,"st":0,"bm":10},{"ddd":0,"ind":4,"ty":3,"nm":"Shape Layer 1","hd":true,"sr":1,"ks":{"o":{"a":0,"k":0,"ix":11},"r":{"a":0,"k":0,"ix":10},"p":{"a":0,"k":[562.5,1218,0],"ix":2},"a":{"a":0,"k":[0,0,0],"ix":1},"s":{"a":0,"k":[100,100,100],"ix":6}},"ao":0,"ef":[{"ty":25,"nm":"Drop Shadow","np":9,"mn":"ADBE Drop Shadow","ix":1,"en":1,"ef":[{"ty":2,"nm":"Shadow Color","mn":"ADBE Drop Shadow-0001","ix":1,"v":{"a":0,"k":[0.007843137719,0.517647087574,0.945098042488,1],"ix":1}},{"ty":0,"nm":"Opacity","mn":"ADBE Drop Shadow-0002","ix":2,"v":{"a":0,"k":255,"ix":2}},{"ty":0,"nm":"Direction","mn":"ADBE Drop Shadow-0003","ix":3,"v":{"a":0,"k":178,"ix":3}},{"ty":0,"nm":"Distance","mn":"ADBE Drop Shadow-0004","ix":4,"v":{"a":0,"k":9,"ix":4}},{"ty":0,"nm":"Softness","mn":"ADBE Drop Shadow-0005","ix":5,"v":{"a":0,"k":50,"ix":5}},{"ty":7,"nm":"Shadow Only","mn":"ADBE Drop Shadow-0006","ix":6,"v":{"a":0,"k":0,"ix":6}},{"ty":7,"nm":"GPU Rendering","mn":"ADBE Force CPU GPU","ix":7,"v":{"a":0,"k":1,"ix":7}}]}],"ip":0,"op":4800.8008008008,"st":0,"bm":0},{"ddd":0,"ind":5,"ty":0,"nm":"上横条","refId":"comp_2","sr":1,"ks":{"o":{"a":0,"k":100,"ix":11},"r":{"a":0,"k":0,"ix":10},"p":{"a":0,"k":[562.5,1218,0],"ix":2},"a":{"a":0,"k":[562.5,1218,0],"ix":1},"s":{"a":0,"k":[100,100,100],"ix":6}},"ao":0,"ef":[{"ty":25,"nm":"Drop Shadow","np":9,"mn":"ADBE Drop Shadow","ix":1,"en":1,"ef":[{"ty":2,"nm":"Shadow Color","mn":"ADBE Drop Shadow-0001","ix":1,"v":{"a":0,"k":[0,0,0,1],"ix":1,"x":"var $bm_rt;\n$bm_rt = thisComp.layer('\\u9634\\u5f71\\u8c03\\u8282\\u5c42').effect('Drop Shadow')('Shadow Color');"}},{"ty":0,"nm":"Opacity","mn":"ADBE Drop Shadow-0002","ix":2,"v":{"a":0,"k":127.5,"ix":2,"x":"var $bm_rt;\n$bm_rt = thisComp.layer('\\u9634\\u5f71\\u8c03\\u8282\\u5c42').effect('Drop Shadow')('Opacity');"}},{"ty":0,"nm":"Direction","mn":"ADBE Drop Shadow-0003","ix":3,"v":{"a":0,"k":178,"ix":3,"x":"var $bm_rt;\n$bm_rt = thisComp.layer('\\u9634\\u5f71\\u8c03\\u8282\\u5c42').effect('Drop Shadow')('Direction');"}},{"ty":0,"nm":"Distance","mn":"ADBE Drop Shadow-0004","ix":4,"v":{"a":0,"k":5,"ix":4,"x":"var $bm_rt;\n$bm_rt = thisComp.layer('\\u9634\\u5f71\\u8c03\\u8282\\u5c42').effect('Drop Shadow')('Distance');"}},{"ty":0,"nm":"Softness","mn":"ADBE Drop Shadow-0005","ix":5,"v":{"a":0,"k":20,"ix":5,"x":"var $bm_rt;\n$bm_rt = thisComp.layer('\\u9634\\u5f71\\u8c03\\u8282\\u5c42').effect('Drop Shadow')('Softness');"}},{"ty":7,"nm":"Shadow Only","mn":"ADBE Drop Shadow-0006","ix":6,"v":{"a":0,"k":0,"ix":6,"x":"var $bm_rt;\n$bm_rt = thisComp.layer('\\u9634\\u5f71\\u8c03\\u8282\\u5c42').effect('Drop Shadow')('Shadow Only');"}},{"ty":7,"nm":"GPU Rendering","mn":"ADBE Force CPU GPU","ix":7,"v":{"a":0,"k":1,"ix":7}}]}],"w":1125,"h":2436,"ip":0,"op":4800,"st":0,"bm":0},{"ddd":0,"ind":6,"ty":0,"nm":"下横条","refId":"comp_3","sr":1,"ks":{"o":{"a":0,"k":100,"ix":11},"r":{"a":0,"k":0,"ix":10},"p":{"a":0,"k":[562.5,1218,0],"ix":2},"a":{"a":0,"k":[562.5,1218,0],"ix":1},"s":{"a":0,"k":[100,100,100],"ix":6}},"ao":0,"ef":[{"ty":25,"nm":"Drop Shadow","np":9,"mn":"ADBE Drop Shadow","ix":1,"en":1,"ef":[{"ty":2,"nm":"Shadow Color","mn":"ADBE Drop Shadow-0001","ix":1,"v":{"a":0,"k":[0,0,0,1],"ix":1,"x":"var $bm_rt;\n$bm_rt = thisComp.layer('\\u9634\\u5f71\\u8c03\\u8282\\u5c42').effect('Drop Shadow')('Shadow Color');"}},{"ty":0,"nm":"Opacity","mn":"ADBE Drop Shadow-0002","ix":2,"v":{"a":0,"k":127.5,"ix":2,"x":"var $bm_rt;\n$bm_rt = thisComp.layer('\\u9634\\u5f71\\u8c03\\u8282\\u5c42').effect('Drop Shadow')('Opacity');"}},{"ty":0,"nm":"Direction","mn":"ADBE Drop Shadow-0003","ix":3,"v":{"a":0,"k":178,"ix":3,"x":"var $bm_rt;\n$bm_rt = thisComp.layer('\\u9634\\u5f71\\u8c03\\u8282\\u5c42').effect('Drop Shadow')('Direction');"}},{"ty":0,"nm":"Distance","mn":"ADBE Drop Shadow-0004","ix":4,"v":{"a":0,"k":5,"ix":4,"x":"var $bm_rt;\n$bm_rt = thisComp.layer('\\u9634\\u5f71\\u8c03\\u8282\\u5c42').effect('Drop Shadow')('Distance');"}},{"ty":0,"nm":"Softness","mn":"ADBE Drop Shadow-0005","ix":5,"v":{"a":0,"k":20,"ix":5,"x":"var $bm_rt;\n$bm_rt = thisComp.layer('\\u9634\\u5f71\\u8c03\\u8282\\u5c42').effect('Drop Shadow')('Softness');"}},{"ty":7,"nm":"Shadow Only","mn":"ADBE Drop Shadow-0006","ix":6,"v":{"a":0,"k":0,"ix":6,"x":"var $bm_rt;\n$bm_rt = thisComp.layer('\\u9634\\u5f71\\u8c03\\u8282\\u5c42').effect('Drop Shadow')('Shadow Only');"}},{"ty":7,"nm":"GPU Rendering","mn":"ADBE Force CPU GPU","ix":7,"v":{"a":0,"k":1,"ix":7}}]}],"w":1125,"h":2436,"ip":0,"op":4800,"st":0,"bm":0}]},{"id":"comp_2","layers":[{"ddd":0,"ind":1,"ty":4,"nm":"上横高光条","sr":1,"ks":{"o":{"a":0,"k":100,"ix":11},"r":{"a":1,"k":[{"i":{"x":[0.34],"y":[1]},"o":{"x":[0.66],"y":[0]},"n":["0p34_1_0p66_0"],"t":62.062,"s":[0],"e":[21]},{"t":79.999122169044}],"ix":10},"p":{"a":1,"k":[{"i":{"x":0.34,"y":1},"o":{"x":0.66,"y":0},"n":"0p34_1_0p66_0","t":43.999,"s":[438.277,1072.961,0],"e":[723.027,1087.211,0],"to":[47.4583320617676,2.375,0],"ti":[-47.4583320617676,-2.375,0]},{"t":79.999122169044}],"ix":2},"a":{"a":0,"k":[-125.473,-146.039,0],"ix":1},"s":{"a":0,"k":[100,100,100],"ix":6}},"ao":0,"shapes":[{"ty":"gr","it":[{"ind":0,"ty":"sh","ix":1,"ks":{"a":1,"k":[{"i":{"x":0.833,"y":1},"o":{"x":0.76,"y":0},"n":"0p833_1_0p76_0","t":43.999,"s":[{"i":[[0,20.75],[0,-6.25],[-10.5,0],[-11.5,0],[-5.104,4.441],[0,5.276],[8,0],[0,0]],"o":[[0,19.125],[0,17.5],[17.625,0],[5.535,0],[6.193,-5.388],[0,-9.25],[-6.875,0],[0,0]],"v":[[-291.375,-175.25],[-291.375,-143.875],[-262.25,-112.5],[9.75,-112.25],[26.562,-119.932],[37.375,-137.75],[20.125,-154.875],[-269.75,-154.75]],"c":true}],"e":[{"i":[[21.332,-0.026],[-5.442,-3.229],[-7.291,-1.08],[-22.728,-3.767],[17.684,-37.149],[-5.925,8.266],[22.524,0.554],[45.489,-0.55]],"o":[[2.875,8.397],[5.135,3.046],[29.894,4.429],[22.728,3.767],[31.021,-37.984],[13.792,-19.243],[-6.873,-0.169],[-45.489,0.55]],"v":[[-304.35,-178.952],[-291.001,-164.329],[-267.555,-158.005],[-79.374,-128.786],[-48.45,-56.03],[13.626,-132.689],[-11.421,-181.036],[-144.894,-180.275]],"c":true}]},{"t":79.999122169044}],"ix":2},"nm":"Path 1","mn":"ADBE Vector Shape - Group","hd":false},{"ty":"fl","c":{"a":0,"k":[1,1,1,1],"ix":4},"o":{"a":0,"k":100,"ix":5},"r":1,"nm":"Fill 2","mn":"ADBE Vector Graphic - Fill","hd":false},{"ty":"tr","p":{"a":0,"k":[0,0],"ix":2},"a":{"a":0,"k":[0,0],"ix":1},"s":{"a":0,"k":[100,100],"ix":3},"r":{"a":0,"k":0,"ix":6},"o":{"a":0,"k":100,"ix":7},"sk":{"a":0,"k":0,"ix":4},"sa":{"a":0,"k":0,"ix":5},"nm":"Transform"}],"nm":"Shape 1","np":2,"cix":2,"ix":1,"mn":"ADBE Vector Group","hd":false},{"ty":"gr","it":[{"ty":"rc","d":1,"s":{"a":1,"k":[{"i":{"x":[0.34,0.34],"y":[1,1]},"o":{"x":[0.66,0.66],"y":[0,0]},"n":["0p34_1_0p66_0","0p34_1_0p66_0"],"t":43.999,"s":[330,43],"e":[336,71]},{"t":79.999122169044}],"ix":2},"p":{"a":0,"k":[0,0],"ix":3},"r":{"a":0,"k":101,"ix":4},"nm":"Rectangle Path 1","mn":"ADBE Vector Shape - Rect","hd":true},{"ty":"tr","p":{"a":0,"k":[-126.223,-133.26],"ix":2},"a":{"a":0,"k":[0,0],"ix":1},"s":{"a":0,"k":[100,100],"ix":3},"r":{"a":0,"k":0,"ix":6},"o":{"a":0,"k":100,"ix":7},"sk":{"a":0,"k":0,"ix":4},"sa":{"a":0,"k":0,"ix":5},"nm":"Transform"}],"nm":"Rectangle 1","np":1,"cix":2,"ix":2,"mn":"ADBE Vector Group","hd":true}],"ip":0,"op":4800.8008008008,"st":44.044044044044,"bm":0},{"ddd":0,"ind":2,"ty":4,"nm":"上圆角","parent":3,"sr":1,"ks":{"o":{"a":0,"k":100,"ix":11},"r":{"a":0,"k":0,"ix":10},"p":{"a":0,"k":[-261.887,-161.086,0],"ix":2},"a":{"a":0,"k":[-259.417,-161.241,0],"ix":1},"s":{"a":0,"k":[100,100,100],"ix":6}},"ao":0,"shapes":[{"ty":"gr","it":[{"ty":"rc","d":1,"s":{"a":1,"k":[{"i":{"x":[0.34,0.34],"y":[1,1]},"o":{"x":[0.66,0.66],"y":[0,0]},"n":["0p34_1_0p66_0","0p34_1_0p66_0"],"t":44.044,"s":[62,40],"e":[73,73]},{"t":80.0792002940441}],"ix":2},"p":{"a":1,"k":[{"i":{"x":0.34,"y":1},"o":{"x":0.66,"y":0},"n":"0p34_1_0p66_0","t":44.044,"s":[2,0],"e":[6,15],"to":[0.66666668653488,2.5],"ti":[-0.66666668653488,-2.5]},{"t":80.0792002940441}],"ix":3},"r":{"a":1,"k":[{"i":{"x":[0.34],"y":[1]},"o":{"x":[0.66],"y":[0]},"n":["0p34_1_0p66_0"],"t":44.044,"s":[5],"e":[43]},{"t":80.0792002940441}],"ix":4},"nm":"Rectangle Path 1","mn":"ADBE Vector Shape - Rect","hd":false},{"ty":"gf","o":{"a":0,"k":100,"ix":10},"r":1,"g":{"p":3,"k":{"a":0,"k":[0,1,1,1,0.5,0.725,0.89,0.988,1,0.451,0.78,0.976],"ix":9}},"s":{"a":0,"k":[-30,0],"ix":5},"e":{"a":0,"k":[302,0],"ix":6},"t":1,"nm":"Gradient Fill 1","mn":"ADBE Vector Graphic - G-Fill","hd":false},{"ty":"tr","p":{"a":0,"k":[-259.015,-160.823],"ix":2},"a":{"a":0,"k":[0,0],"ix":1},"s":{"a":0,"k":[100,100],"ix":3},"r":{"a":0,"k":0,"ix":6},"o":{"a":0,"k":100,"ix":7},"sk":{"a":0,"k":0,"ix":4},"sa":{"a":0,"k":0,"ix":5},"nm":"Transform"}],"nm":"Rectangle 1","np":2,"cix":2,"ix":1,"mn":"ADBE Vector Group","hd":false}],"ip":0,"op":4800.8008008008,"st":44.044044044044,"bm":0},{"ddd":0,"ind":3,"ty":4,"nm":"上横条","sr":1,"ks":{"o":{"a":0,"k":100,"ix":11},"r":{"a":1,"k":[{"i":{"x":[0.34],"y":[1]},"o":{"x":[0.66],"y":[0]},"n":["0p34_1_0p66_0"],"t":62.062,"s":[0],"e":[30]},{"t":80.0792002940441}],"ix":10},"p":{"a":1,"k":[{"i":{"x":0.34,"y":1},"o":{"x":0.66,"y":0},"n":"0p34_1_0p66_0","t":43.999,"s":[437.027,1072.961,0],"e":[716.777,1052.711,0],"to":[46.625,-3.375,0],"ti":[-46.625,3.375,0]},{"t":79.999122169044}],"ix":2},"a":{"a":0,"k":[-125.473,-146.039,0],"ix":1},"s":{"a":0,"k":[100,100,100],"ix":6}},"ao":0,"shapes":[{"ty":"gr","it":[{"ty":"rc","d":1,"s":{"a":1,"k":[{"i":{"x":[0.34,0.34],"y":[1,1]},"o":{"x":[0.66,0.66],"y":[0,0]},"n":["0p34_1_0p66_0","0p34_1_0p66_0"],"t":44.044,"s":[330,69],"e":[335,73]},{"t":80.0792002940441}],"ix":2},"p":{"a":0,"k":[0,0],"ix":3},"r":{"a":0,"k":87,"ix":4},"nm":"Rectangle Path 1","mn":"ADBE Vector Shape - Rect","hd":false},{"ty":"gf","o":{"a":0,"k":100,"ix":10},"r":1,"g":{"p":3,"k":{"a":0,"k":[0,1,1,1,0.5,0.725,0.89,0.988,1,0.451,0.78,0.976],"ix":9}},"s":{"a":0,"k":[-165,0],"ix":5},"e":{"a":0,"k":[165,0],"ix":6},"t":1,"nm":"Gradient Fill 1","mn":"ADBE Vector Graphic - G-Fill","hd":false},{"ty":"tr","p":{"a":0,"k":[-125.473,-146.039],"ix":2},"a":{"a":0,"k":[0,0],"ix":1},"s":{"a":0,"k":[100,100],"ix":3},"r":{"a":0,"k":0,"ix":6},"o":{"a":0,"k":100,"ix":7},"sk":{"a":0,"k":0,"ix":4},"sa":{"a":0,"k":0,"ix":5},"nm":"Transform"}],"nm":"Rectangle 1","np":2,"cix":2,"ix":1,"mn":"ADBE Vector Group","hd":false}],"ip":0,"op":4800.8008008008,"st":44.044044044044,"bm":0}]},{"id":"comp_3","layers":[{"ddd":0,"ind":1,"ty":4,"nm":"下横高光条","sr":1,"ks":{"o":{"a":0,"k":100,"ix":11},"r":{"a":1,"k":[{"i":{"x":[0.34],"y":[1]},"o":{"x":[0.66],"y":[0]},"n":["0p34_1_0p66_0"],"t":62.062,"s":[0],"e":[-30]},{"t":80.0792002940441}],"ix":10},"p":{"a":1,"k":[{"i":{"x":0.34,"y":1},"o":{"x":0.66,"y":0},"n":"0p34_1_0p66_0","t":43.999,"s":[436.777,1169.211,0],"e":[717.527,1184.461,0],"to":[46.7916679382324,2.54166674613953,0],"ti":[-46.7916679382324,-2.54166674613953,0]},{"t":79.999122169044}],"ix":2},"a":{"a":0,"k":[-125.473,-146.039,0],"ix":1},"s":{"a":0,"k":[100,100,100],"ix":6}},"ao":0,"shapes":[{"ty":"gr","it":[{"ind":0,"ty":"sh","ix":1,"ks":{"a":1,"k":[{"i":{"x":0.24,"y":1},"o":{"x":0.76,"y":0},"n":"0p24_1_0p76_0","t":43.999,"s":[{"i":[[0,20.75],[0,-6.25],[-10.5,0],[-11.5,0],[0,9.5],[8,0],[0,0]],"o":[[0,19.125],[0,17.5],[17.625,0],[11.875,0],[0,-9.25],[-6.875,0],[0,0]],"v":[[-290.75,-175.25],[-290.75,-143.875],[-262.25,-112.5],[9.75,-112.25],[37.375,-137.75],[20.125,-154.875],[-269.75,-154.75]],"c":true}],"e":[{"i":[[8.939,-13.806],[0,-6.25],[-8.977,-5.638],[-10.954,1.917],[0,8.5],[8,0],[0,0]],"o":[[-9.793,14.639],[1.821,10.898],[18.703,-3.081],[10.589,-1.853],[0,-9.25],[-6.875,0],[0,0]],"v":[[-286.3,-168.207],[-294.391,-141.069],[-278.477,-117.394],[-50.495,-155.403],[4.937,-172.066],[-51.573,-181.691],[-260.018,-181.607]],"c":true}]},{"t":79.999122169044}],"ix":2},"nm":"Path 1","mn":"ADBE Vector Shape - Group","hd":false},{"ty":"fl","c":{"a":0,"k":[1,1,1,1],"ix":4},"o":{"a":0,"k":100,"ix":5},"r":1,"nm":"Fill 2","mn":"ADBE Vector Graphic - Fill","hd":false},{"ty":"tr","p":{"a":0,"k":[0,0],"ix":2},"a":{"a":0,"k":[0,0],"ix":1},"s":{"a":0,"k":[100,100],"ix":3},"r":{"a":0,"k":0,"ix":6},"o":{"a":0,"k":100,"ix":7},"sk":{"a":0,"k":0,"ix":4},"sa":{"a":0,"k":0,"ix":5},"nm":"Transform"}],"nm":"Shape 1","np":2,"cix":2,"ix":1,"mn":"ADBE Vector Group","hd":false},{"ty":"gr","it":[{"ty":"rc","d":1,"s":{"a":1,"k":[{"i":{"x":[0.34,0.34],"y":[1,1]},"o":{"x":[0.66,0.66],"y":[0,0]},"n":["0p34_1_0p66_0","0p34_1_0p66_0"],"t":43.999,"s":[330,43],"e":[336,71]},{"t":79.999122169044}],"ix":2},"p":{"a":0,"k":[0,0],"ix":3},"r":{"a":0,"k":101,"ix":4},"nm":"Rectangle Path 1","mn":"ADBE Vector Shape - Rect","hd":true},{"ty":"tr","p":{"a":0,"k":[-126.223,-133.26],"ix":2},"a":{"a":0,"k":[0,0],"ix":1},"s":{"a":0,"k":[100,100],"ix":3},"r":{"a":0,"k":0,"ix":6},"o":{"a":0,"k":100,"ix":7},"sk":{"a":0,"k":0,"ix":4},"sa":{"a":0,"k":0,"ix":5},"nm":"Transform"}],"nm":"Rectangle 1","np":1,"cix":2,"ix":2,"mn":"ADBE Vector Group","hd":true}],"ip":0,"op":4800.8008008008,"st":44.044044044044,"bm":0},{"ddd":0,"ind":2,"ty":4,"nm":"下圆角","parent":3,"sr":1,"ks":{"o":{"a":0,"k":100,"ix":11},"r":{"a":0,"k":0,"ix":10},"p":{"a":1,"k":[{"i":{"x":0.24,"y":1},"o":{"x":0.76,"y":0},"n":"0p24_1_0p76_0","t":43.999,"s":[-261.887,-161.086,0],"e":[-260.775,-146.011,0],"to":[0.18522264063358,2.5125515460968,0],"ti":[-0.18522264063358,-2.5125515460968,0]},{"t":79.999122169044}],"ix":2},"a":{"a":0,"k":[-259.417,-161.241,0],"ix":1},"s":{"a":0,"k":[100,100,100],"ix":6}},"ao":0,"shapes":[{"ty":"gr","it":[{"ty":"rc","d":1,"s":{"a":1,"k":[{"i":{"x":[0.34,0.34],"y":[1,1]},"o":{"x":[0.66,0.66],"y":[0,0]},"n":["0p34_1_0p66_0","0p34_1_0p66_0"],"t":44.044,"s":[62,40],"e":[70,70]},{"t":79.999122169044}],"ix":2},"p":{"a":1,"k":[{"i":{"x":0.34,"y":1},"o":{"x":0.66,"y":0},"n":"0p34_1_0p66_0","t":43.999,"s":[1.5,-0.5],"e":[1,-1],"to":[-0.08333333581686,-0.08333333581686],"ti":[0.08333333581686,0.08333333581686]},{"t":80.0792002940441}],"ix":3},"r":{"a":1,"k":[{"i":{"x":[0.34],"y":[1]},"o":{"x":[0.66],"y":[0]},"n":["0p34_1_0p66_0"],"t":44.044,"s":[5],"e":[43]},{"t":80.0792002940441}],"ix":4},"nm":"Rectangle Path 1","mn":"ADBE Vector Shape - Rect","hd":false},{"ty":"gf","o":{"a":0,"k":100,"ix":10},"r":1,"g":{"p":3,"k":{"a":0,"k":[0,1,1,1,0.5,0.725,0.89,0.988,1,0.451,0.78,0.976],"ix":9}},"s":{"a":0,"k":[-30,0],"ix":5},"e":{"a":0,"k":[302,0],"ix":6},"t":1,"nm":"Gradient Fill 1","mn":"ADBE Vector Graphic - G-Fill","hd":false},{"ty":"tr","p":{"a":0,"k":[-259.015,-160.823],"ix":2},"a":{"a":0,"k":[0,0],"ix":1},"s":{"a":0,"k":[100,100],"ix":3},"r":{"a":0,"k":0,"ix":6},"o":{"a":0,"k":100,"ix":7},"sk":{"a":0,"k":0,"ix":4},"sa":{"a":0,"k":0,"ix":5},"nm":"Transform"}],"nm":"Rectangle 1","np":2,"cix":2,"ix":1,"mn":"ADBE Vector Group","hd":false}],"ip":0,"op":4800.8008008008,"st":44.044044044044,"bm":0},{"ddd":0,"ind":3,"ty":4,"nm":"下横条","sr":1,"ks":{"o":{"a":0,"k":100,"ix":11},"r":{"a":1,"k":[{"i":{"x":[0.34],"y":[1]},"o":{"x":[0.66],"y":[0]},"n":["0p34_1_0p66_0"],"t":62.062,"s":[0],"e":[-30]},{"t":80.0792002940441}],"ix":10},"p":{"a":1,"k":[{"i":{"x":0.34,"y":1},"o":{"x":0.66,"y":0},"n":"0p34_1_0p66_0","t":43.999,"s":[436.777,1169.211,0],"e":[717.527,1184.461,0],"to":[46.7916679382324,2.54166674613953,0],"ti":[-46.7916679382324,-2.54166674613953,0]},{"t":79.999122169044}],"ix":2},"a":{"a":0,"k":[-125.473,-146.039,0],"ix":1},"s":{"a":0,"k":[100,100,100],"ix":6}},"ao":0,"shapes":[{"ty":"gr","it":[{"ty":"rc","d":1,"s":{"a":1,"k":[{"i":{"x":[0.34,0.34],"y":[1,1]},"o":{"x":[0.66,0.66],"y":[0,0]},"n":["0p34_1_0p66_0","0p34_1_0p66_0"],"t":44.044,"s":[330,69],"e":[336,71]},{"t":79.999122169044}],"ix":2},"p":{"a":0,"k":[0,0],"ix":3},"r":{"a":0,"k":87,"ix":4},"nm":"Rectangle Path 1","mn":"ADBE Vector Shape - Rect","hd":false},{"ty":"gf","o":{"a":0,"k":100,"ix":10},"r":1,"g":{"p":3,"k":{"a":0,"k":[0,1,1,1,0.5,0.725,0.89,0.988,1,0.451,0.78,0.976],"ix":9}},"s":{"a":0,"k":[-165,0],"ix":5},"e":{"a":0,"k":[165,0],"ix":6},"t":1,"nm":"Gradient Fill 1","mn":"ADBE Vector Graphic - G-Fill","hd":false},{"ty":"tr","p":{"a":0,"k":[-126.223,-146.539],"ix":2},"a":{"a":0,"k":[0,0],"ix":1},"s":{"a":0,"k":[100,100],"ix":3},"r":{"a":0,"k":0,"ix":6},"o":{"a":0,"k":100,"ix":7},"sk":{"a":0,"k":0,"ix":4},"sa":{"a":0,"k":0,"ix":5},"nm":"Transform"}],"nm":"Rectangle 1","np":2,"cix":2,"ix":1,"mn":"ADBE Vector Group","hd":false}],"ip":0,"op":4800.8008008008,"st":44.044044044044,"bm":0}]}],"layers":[{"ddd":0,"ind":1,"ty":0,"nm":"JSBox LOGO","refId":"comp_0","sr":1,"ks":{"o":{"a":0,"k":100,"ix":11},"r":{"a":0,"k":0,"ix":10},"p":{"a":0,"k":[562.5,634.5,0],"ix":2},"a":{"a":0,"k":[562.5,1218,0],"ix":1},"s":{"a":0,"k":[100,100,100],"ix":6}},"ao":0,"tm":{"a":1,"k":[{"i":{"x":[0.833],"y":[0.833]},"o":{"x":[0.167],"y":[0.167]},"n":["0p833_0p833_0p167_0p167"],"t":-0.001,"s":[0.634],"e":[1.601]},{"t":56.055858592968}],"ix":2},"w":1125,"h":2436,"ip":-32.032032032032,"op":4768.76876876877,"st":-32.032032032032,"bm":0}],"markers":[] }