{"v":"5.3.1","fr":60,"ip":0,"op":300,"w":800,"h":800,"nm":"Scanner for mini icon","ddd":1,"assets":[{"id":"comp_0","layers":[{"ddd":0,"ind":1,"ty":3,"nm":"Control","sr":1,"ks":{"o":{"a":0,"k":0,"ix":11},"r":{"a":0,"k":0,"ix":10},"p":{"a":0,"k":[700,700,0],"ix":2},"a":{"a":0,"k":[0,0,0],"ix":1},"s":{"a":0,"k":[100,100,100],"ix":6}},"ao":0,"ef":[{"ty":5,"nm":"Outer stroke color","np":3,"mn":"ADBE Color Control","ix":1,"en":1,"ef":[{"ty":2,"nm":"Color","mn":"ADBE Color Control-0001","ix":1,"v":{"a":0,"k":[1,1,1,1],"ix":1}}]},{"ty":5,"nm":"Outer stroke width","np":3,"mn":"ADBE Slider Control","ix":2,"en":1,"ef":[{"ty":0,"nm":"Slider","mn":"ADBE Slider Control-0001","ix":1,"v":{"a":0,"k":12.7,"ix":1}}]},{"ty":5,"nm":"Inner stroke color","np":3,"mn":"ADBE Color Control","ix":3,"en":1,"ef":[{"ty":2,"nm":"Color","mn":"ADBE Color Control-0001","ix":1,"v":{"a":0,"k":[1,1,1,1],"ix":1}}]},{"ty":5,"nm":"Inner stroke width","np":3,"mn":"ADBE Slider Control","ix":4,"en":1,"ef":[{"ty":0,"nm":"Slider","mn":"ADBE Slider Control-0001","ix":1,"v":{"a":0,"k":0,"ix":1}}]},{"ty":5,"nm":"Reflect line width","np":3,"mn":"ADBE Slider Control","ix":5,"en":1,"ef":[{"ty":0,"nm":"Slider","mn":"ADBE Slider Control-0001","ix":1,"v":{"a":0,"k":1,"ix":1}}]},{"ty":5,"nm":"Reflect line width color","np":3,"mn":"ADBE Color Control","ix":6,"en":1,"ef":[{"ty":2,"nm":"Color","mn":"ADBE Color Control-0001","ix":1,"v":{"a":0,"k":[0,0,0,1],"ix":1}}]},{"ty":5,"nm":"BG color","np":3,"mn":"ADBE Color Control","ix":7,"en":1,"ef":[{"ty":2,"nm":"Color","mn":"ADBE Color Control-0001","ix":1,"v":{"a":0,"k":[0,0,0,1],"ix":1}}]},{"ty":5,"nm":"Screen Color","np":3,"mn":"ADBE Color Control","ix":8,"en":1,"ef":[{"ty":2,"nm":"Color","mn":"ADBE Color Control-0001","ix":1,"v":{"a":0,"k":[1,1,1,1],"ix":1}}]}],"ip":0,"op":505,"st":0,"bm":0},{"ddd":1,"ind":4,"ty":4,"nm":"Scanner","sr":1,"ks":{"o":{"a":0,"k":100,"ix":11},"rx":{"a":0,"k":0,"ix":8},"ry":{"a":0,"k":0,"ix":9},"rz":{"a":0,"k":0,"ix":10},"or":{"a":0,"k":[0,0,0],"ix":7},"p":{"a":1,"k":[{"i":{"x":0.34,"y":1},"o":{"x":0.66,"y":0},"n":"0p34_1_0p66_0","t":44,"s":[704.019,690.257,0],"e":[704.019,926.448,0],"to":[0,39.3651466369629,0],"ti":[0,-39.3651466369629,0]},{"i":{"x":0.547,"y":0.547},"o":{"x":0.749,"y":0.749},"n":"0p547_0p547_0p749_0p749","t":80,"s":[704.019,926.448,0],"e":[704.019,926.448,0],"to":[0,0,0],"ti":[0,0,0]},{"i":{"x":0.34,"y":1},"o":{"x":0.66,"y":0},"n":"0p34_1_0p66_0","t":160,"s":[704.019,926.448,0],"e":[704.019,690.257,0],"to":[0,-39.3651466369629,0],"ti":[0,39.3651466369629,0]},{"t":198}],"ix":2},"a":{"a":0,"k":[52,84,0],"ix":1},"s":{"a":1,"k":[{"i":{"x":[0.34,0.34,0.34],"y":[1,1,1]},"o":{"x":[0.66,0.66,0.66],"y":[0,0,0]},"n":["0p34_1_0p66_0","0p34_1_0p66_0","0p34_1_0p66_0"],"t":16,"s":[0,0,100],"e":[105,105,100]},{"i":{"x":[0.34,0.34,0.34],"y":[1,1,1]},"o":{"x":[0.66,0.66,0.66],"y":[0,0,0]},"n":["0p34_1_0p66_0","0p34_1_0p66_0","0p34_1_0p66_0"],"t":31,"s":[105,105,100],"e":[100,100,100]},{"i":{"x":[0.34,0.34,0.34],"y":[1,1,1]},"o":{"x":[0.167,0.167,0.167],"y":[0,0,0]},"n":["0p34_1_0p167_0","0p34_1_0p167_0","0p34_1_0p167_0"],"t":46,"s":[100,100,100],"e":[100,100,100]},{"i":{"x":[0.34,0.34,0.34],"y":[1,1,1]},"o":{"x":[0.48,0.48,0.48],"y":[-0.7,-0.7,0]},"n":["0p34_1_0p48_-0p7","0p34_1_0p48_-0p7","0p34_1_0p48_0"],"t":472,"s":[100,100,100],"e":[105,105,100]},{"i":{"x":[0.52,0.52,0.52],"y":[0.967,0.967,1]},"o":{"x":[0.66,0.66,0.66],"y":[0,0,0]},"n":["0p52_0p967_0p66_0","0p52_0p967_0p66_0","0p52_1_0p66_0"],"t":486,"s":[105,105,100],"e":[0,0,100]},{"t":500}],"ix":6}},"ao":0,"shapes":[{"ty":"gr","it":[{"ind":0,"ty":"sh","ix":1,"ks":{"a":0,"k":{"i":[[0,0],[0,0]],"o":[[0,0],[0,0]],"v":[[172,34.75],[112,51.75]],"c":false},"ix":2},"nm":"Path 9","mn":"ADBE Vector Shape - Group","hd":false},{"ind":1,"ty":"sh","ix":2,"ks":{"a":0,"k":{"i":[[0,0],[0,0]],"o":[[0,0],[0,0]],"v":[[108,28.75],[202,1.75]],"c":false},"ix":2},"nm":"Path 10","mn":"ADBE Vector Shape - Group","hd":false},{"ind":2,"ty":"sh","ix":3,"ks":{"a":0,"k":{"i":[[0,0],[0,0]],"o":[[0,0],[0,0]],"v":[[-109,39.75],[36,1.75]],"c":false},"ix":2},"nm":"Path 11","mn":"ADBE Vector Shape - Group","hd":false},{"ind":3,"ty":"sh","ix":4,"ks":{"a":0,"k":{"i":[[0,0],[0,0]],"o":[[0,0],[0,0]],"v":[[-26,-3.25],[83,-29.25]],"c":false},"ix":2},"nm":"Path 8","mn":"ADBE Vector Shape - Group","hd":false},{"ind":4,"ty":"sh","ix":5,"ks":{"a":0,"k":{"i":[[0,0],[0,0]],"o":[[0,0],[0,0]],"v":[[-34,-21.25],[-95,-8.25]],"c":false},"ix":2},"nm":"Path 7","mn":"ADBE Vector Shape - Group","hd":false},{"ind":5,"ty":"sh","ix":6,"ks":{"a":0,"k":{"i":[[0,0],[0,0]],"o":[[0,0],[0,0]],"v":[[83,-208.25],[-59,-66.25]],"c":false},"ix":2},"nm":"Path 6","mn":"ADBE Vector Shape - Group","hd":false},{"ind":6,"ty":"sh","ix":7,"ks":{"a":0,"k":{"i":[[0,0],[0,0]],"o":[[0,0],[0,0]],"v":[[-9,-266.25],[191,-466.25]],"c":false},"ix":2},"nm":"Path 5","mn":"ADBE Vector Shape - Group","hd":false},{"ind":7,"ty":"sh","ix":8,"ks":{"a":0,"k":{"i":[[0,0],[0,0]],"o":[[0,0],[0,0]],"v":[[93,-144.25],[197,-248.25]],"c":false},"ix":2},"nm":"Path 4","mn":"ADBE Vector Shape - Group","hd":false},{"ind":8,"ty":"sh","ix":9,"ks":{"a":0,"k":{"i":[[0,0],[0,0]],"o":[[0,0],[0,0]],"v":[[69,-88.25],[191,-210.25]],"c":false},"ix":2},"nm":"Path 3","mn":"ADBE Vector Shape - Group","hd":false},{"ind":9,"ty":"sh","ix":10,"ks":{"a":0,"k":{"i":[[0,0],[0,0]],"o":[[0,0],[0,0]],"v":[[21,-346.25],[-91,-234.25]],"c":false},"ix":2},"nm":"Path 2","mn":"ADBE Vector Shape - Group","hd":false},{"ind":10,"ty":"sh","ix":11,"ks":{"a":0,"k":{"i":[[0,0],[0,0]],"o":[[0,0],[0,0]],"v":[[7,-466.25],[-61,-398.25]],"c":false},"ix":2},"nm":"Path 1","mn":"ADBE Vector Shape - Group","hd":false},{"ty":"st","c":{"a":0,"k":[0,0,0,1],"ix":3,"x":"var $bm_rt;\n$bm_rt = thisComp.layer('Control').effect('Reflect line width color')('Color');"},"o":{"a":0,"k":100,"ix":4},"w":{"a":0,"k":0,"ix":5,"x":"var $bm_rt;\n$bm_rt = thisComp.layer('Control').effect('Reflect line width')('Slider');"},"lc":2,"lj":2,"d":[{"n":"d","nm":"dash","v":{"a":1,"k":[{"i":{"x":[0.24],"y":[1]},"o":{"x":[0.167],"y":[0]},"n":["0p24_1_0p167_0"],"t":76,"s":[88],"e":[217]},{"i":{"x":[0.833],"y":[1]},"o":{"x":[0.167],"y":[0]},"n":["0p833_1_0p167_0"],"t":122,"s":[217],"e":[88]},{"t":166}],"ix":1}},{"n":"g","nm":"gap","v":{"a":1,"k":[{"i":{"x":[0.24],"y":[1]},"o":{"x":[0.167],"y":[0]},"n":["0p24_1_0p167_0"],"t":76,"s":[306],"e":[20]},{"i":{"x":[0.833],"y":[1]},"o":{"x":[0.167],"y":[0]},"n":["0p833_1_0p167_0"],"t":122,"s":[20],"e":[306]},{"t":166}],"ix":2}},{"n":"o","nm":"offset","v":{"a":1,"k":[{"i":{"x":[0.673],"y":[1]},"o":{"x":[0.167],"y":[0]},"n":["0p673_1_0p167_0"],"t":76,"s":[109],"e":[164]},{"i":{"x":[0.833],"y":[1]},"o":{"x":[0.167],"y":[0]},"n":["0p833_1_0p167_0"],"t":122,"s":[164],"e":[109]},{"t":166}],"ix":7}}],"nm":"Stroke 1","mn":"ADBE Vector Graphic - Stroke","hd":false},{"ty":"fl","c":{"a":0,"k":[1,1,1,1],"ix":4},"o":{"a":0,"k":100,"ix":5},"r":1,"nm":"Fill 1","mn":"ADBE Vector Graphic - Fill","hd":false},{"ty":"tr","p":{"a":0,"k":[57.164,-266.969],"ix":2},"a":{"a":0,"k":[57.164,-266.969],"ix":1},"s":{"a":0,"k":[100,100],"ix":3},"r":{"a":0,"k":0,"ix":6},"o":{"a":0,"k":100,"ix":7},"sk":{"a":0,"k":0,"ix":4},"sa":{"a":0,"k":0,"ix":5},"nm":"Transform"}],"nm":"Shape 3","np":13,"cix":2,"ix":1,"mn":"ADBE Vector Group","hd":false},{"ty":"gr","it":[{"ind":0,"ty":"sh","ix":1,"ks":{"a":1,"k":[{"i":{"x":0.34,"y":1},"o":{"x":0.66,"y":0},"n":"0p34_1_0p66_0","t":44,"s":[{"i":[[0,0],[0,0],[0,0],[0,0]],"o":[[0,0],[0,0],[0,0],[0,0]],"v":[[194.5,63.25],[-83.999,63.25],[-111.188,71.625],[224,71.125]],"c":true}],"e":[{"i":[[0,0],[0,0],[0,0],[0,0]],"o":[[0,0],[0,0],[0,0],[0,0]],"v":[[194.5,-30.5],[-83.999,-30.5],[-111.188,53.375],[224,52.875]],"c":true}]},{"i":{"x":0.34,"y":1},"o":{"x":0.66,"y":0},"n":"0p34_1_0p66_0","t":80,"s":[{"i":[[0,0],[0,0],[0,0],[0,0]],"o":[[0,0],[0,0],[0,0],[0,0]],"v":[[194.5,-30.5],[-83.999,-30.5],[-111.188,53.375],[224,52.875]],"c":true}],"e":[{"i":[[0,0],[0,0],[0,0],[0,0]],"o":[[0,0],[0,0],[0,0],[0,0]],"v":[[194.5,-30.5],[-83.999,-30.5],[-111.188,53.375],[224,52.875]],"c":true}]},{"i":{"x":0.34,"y":1},"o":{"x":0.66,"y":0},"n":"0p34_1_0p66_0","t":160,"s":[{"i":[[0,0],[0,0],[0,0],[0,0]],"o":[[0,0],[0,0],[0,0],[0,0]],"v":[[194.5,-30.5],[-83.999,-30.5],[-111.188,53.375],[224,52.875]],"c":true}],"e":[{"i":[[0,0],[0,0],[0,0],[0,0]],"o":[[0,0],[0,0],[0,0],[0,0]],"v":[[194.5,63.25],[-83.999,63.25],[-111.188,71.625],[224,71.125]],"c":true}]},{"t":198}],"ix":2},"nm":"Path 4","mn":"ADBE Vector Shape - Group","hd":false},{"ind":1,"ty":"sh","ix":2,"ks":{"a":1,"k":[{"i":{"x":0.34,"y":1},"o":{"x":0.66,"y":0},"n":"0p34_1_0p66_0","t":44,"s":[{"i":[[0,0],[0,0],[0,0],[0,0]],"o":[[0,0],[0,0],[0,0],[0,0]],"v":[[190.5,63.5],[-79.999,63.5],[-114.188,71.125],[227,70.625]],"c":true}],"e":[{"i":[[0,0],[0,0],[0,0],[0,0]],"o":[[0,0],[0,0],[0,0],[0,0]],"v":[[190.5,-66.5],[-79.999,-66.5],[-99.188,-465.625],[212,-466.125]],"c":true}]},{"i":{"x":0.34,"y":1},"o":{"x":0.66,"y":0},"n":"0p34_1_0p66_0","t":80,"s":[{"i":[[0,0],[0,0],[0,0],[0,0]],"o":[[0,0],[0,0],[0,0],[0,0]],"v":[[190.5,-66.5],[-79.999,-66.5],[-99.188,-465.625],[212,-466.125]],"c":true}],"e":[{"i":[[0,0],[0,0],[0,0],[0,0]],"o":[[0,0],[0,0],[0,0],[0,0]],"v":[[190.5,-66.5],[-79.999,-66.5],[-99.188,-465.625],[212,-466.125]],"c":true}]},{"i":{"x":0.34,"y":1},"o":{"x":0.66,"y":0},"n":"0p34_1_0p66_0","t":160,"s":[{"i":[[0,0],[0,0],[0,0],[0,0]],"o":[[0,0],[0,0],[0,0],[0,0]],"v":[[190.5,-66.5],[-79.999,-66.5],[-99.188,-465.625],[212,-466.125]],"c":true}],"e":[{"i":[[0,0],[0,0],[0,0],[0,0]],"o":[[0,0],[0,0],[0,0],[0,0]],"v":[[190.5,63.5],[-79.999,63.5],[-114.188,71.125],[227,70.625]],"c":true}]},{"t":198}],"ix":2},"nm":"Path 5","mn":"ADBE Vector Shape - Group","hd":false},{"ty":"st","c":{"a":0,"k":[0.259038001299,0.259038001299,0.259038001299,1],"ix":3,"x":"var $bm_rt;\n$bm_rt = thisComp.layer('Control').effect('Inner stroke color')('Color');"},"o":{"a":0,"k":100,"ix":4},"w":{"a":0,"k":6,"ix":5,"x":"var $bm_rt;\n$bm_rt = thisComp.layer('Control').effect('Inner stroke width')('Slider');"},"lc":1,"lj":2,"nm":"Stroke 1","mn":"ADBE Vector Graphic - Stroke","hd":false},{"ty":"fl","c":{"a":0,"k":[1,1,1,1],"ix":4,"x":"var $bm_rt;\n$bm_rt = thisComp.layer('Control').effect('Screen Color')('Color');"},"o":{"a":0,"k":100,"ix":5},"r":1,"nm":"Fill 1","mn":"ADBE Vector Graphic - Fill","hd":false},{"ty":"tr","p":{"a":0,"k":[-4,0],"ix":2},"a":{"a":0,"k":[0,0],"ix":1},"s":{"a":0,"k":[100,100],"ix":3},"r":{"a":0,"k":0,"ix":6},"o":{"a":0,"k":100,"ix":7},"sk":{"a":0,"k":0,"ix":4},"sa":{"a":0,"k":0,"ix":5},"nm":"Transform"}],"nm":"Shape 2","np":4,"cix":2,"ix":2,"mn":"ADBE Vector Group","hd":false},{"ty":"gr","it":[{"ind":0,"ty":"sh","ix":1,"ks":{"a":1,"k":[{"i":{"x":0.34,"y":1},"o":{"x":0.66,"y":0},"n":"0p34_1_0p66_0","t":44,"s":[{"i":[[0,0],[0,0],[0,0],[0,0],[0,0],[0,0]],"o":[[0,0],[0,0],[0,0],[0,0],[0,0],[0,0]],"v":[[257,71.5],[-147,71.5],[-146.261,71.342],[-102.5,62],[211.5,62],[256.207,71.334]],"c":true}],"e":[{"i":[[22,0],[18,0],[-1.562,-24.057],[0,0],[0,0],[-0.626,14.494]],"o":[[-22,0],[-18,0],[1.035,15.937],[0,0],[0,0],[1.036,-23.998]],"v":[[211.5,-494.5],[-102,-494.5],[-126.938,-460.443],[-102,-48.5],[215,-47.5],[238.964,-459.502]],"c":true}]},{"i":{"x":0.34,"y":1},"o":{"x":0.66,"y":0},"n":"0p34_1_0p66_0","t":80,"s":[{"i":[[22,0],[18,0],[-1.562,-24.057],[0,0],[0,0],[-0.626,14.494]],"o":[[-22,0],[-18,0],[1.035,15.937],[0,0],[0,0],[1.036,-23.998]],"v":[[211.5,-494.5],[-102,-494.5],[-126.938,-460.443],[-102,-48.5],[215,-47.5],[238.964,-459.502]],"c":true}],"e":[{"i":[[22,0],[18,0],[-1.562,-24.057],[0,0],[0,0],[-0.626,14.494]],"o":[[-22,0],[-18,0],[1.035,15.937],[0,0],[0,0],[1.036,-23.998]],"v":[[211.5,-494.5],[-102,-494.5],[-126.938,-460.443],[-102,-48.5],[215,-47.5],[238.964,-459.502]],"c":true}]},{"i":{"x":0.34,"y":1},"o":{"x":0.66,"y":0},"n":"0p34_1_0p66_0","t":160,"s":[{"i":[[22,0],[18,0],[-1.562,-24.057],[0,0],[0,0],[-0.626,14.494]],"o":[[-22,0],[-18,0],[1.035,15.937],[0,0],[0,0],[1.036,-23.998]],"v":[[211.5,-494.5],[-102,-494.5],[-126.938,-460.443],[-102,-48.5],[215,-47.5],[238.964,-459.502]],"c":true}],"e":[{"i":[[0,0],[0,0],[0,0],[0,0],[0,0],[0,0]],"o":[[0,0],[0,0],[0,0],[0,0],[0,0],[0,0]],"v":[[257,71.5],[-147,71.5],[-146.261,71.342],[-102.5,62],[211.5,62],[256.207,71.334]],"c":true}]},{"t":198}],"ix":2},"nm":"Path 6","mn":"ADBE Vector Shape - Group","hd":false},{"ind":1,"ty":"sh","ix":2,"ks":{"a":1,"k":[{"i":{"x":0.34,"y":1},"o":{"x":0.66,"y":0},"n":"0p34_1_0p66_0","t":44,"s":[{"i":[[0,-13.875],[0,0],[0,0],[0,8.055],[10.5,0],[25,0],[9,0],[6.5,0],[0,10.918],[40.304,0]],"o":[[0,5.875],[0,0],[0,0],[0,-10.055],[-4,0],[0,10.445],[-8.5,0],[-8.5,0],[-24.184,0],[-11,0]],"v":[[-154,89.625],[-154,110],[268,110],[268,89.305],[252,71.109],[116.5,71.055],[101.5,88],[12,88],[-2.5,71.082],[-138.75,71.246]],"c":true}],"e":[{"i":[[-2.845,-13.58],[0,0],[0,0],[-2,11.195],[10.5,0],[25,0],[9,0],[6.5,0],[0,10.918],[40.304,0]],"o":[[2.75,13.125],[0,0],[0,0],[1.768,-9.898],[-4,0],[0,10.445],[-8.5,0],[-8.5,0],[-24.184,0],[-11,0]],"v":[[-154,89.625],[-150,110],[264,110],[268,89.305],[252,71.109],[116.5,71.055],[101.5,88],[12,88],[-2.5,71.082],[-138.75,71.246]],"c":true}]},{"i":{"x":0.34,"y":1},"o":{"x":0.66,"y":0},"n":"0p34_1_0p66_0","t":80,"s":[{"i":[[-2.845,-13.58],[0,0],[0,0],[-2,11.195],[10.5,0],[25,0],[9,0],[6.5,0],[0,10.918],[40.304,0]],"o":[[2.75,13.125],[0,0],[0,0],[1.768,-9.898],[-4,0],[0,10.445],[-8.5,0],[-8.5,0],[-24.184,0],[-11,0]],"v":[[-154,89.625],[-150,110],[264,110],[268,89.305],[252,71.109],[116.5,71.055],[101.5,88],[12,88],[-2.5,71.082],[-138.75,71.246]],"c":true}],"e":[{"i":[[-2.845,-13.58],[0,0],[0,0],[-2,11.195],[10.5,0],[25,0],[9,0],[6.5,0],[0,10.918],[40.304,0]],"o":[[2.75,13.125],[0,0],[0,0],[1.768,-9.898],[-4,0],[0,10.445],[-8.5,0],[-8.5,0],[-24.184,0],[-11,0]],"v":[[-154,89.625],[-150,110],[264,110],[268,89.305],[252,71.109],[116.5,71.055],[101.5,88],[12,88],[-2.5,71.082],[-138.75,71.246]],"c":true}]},{"i":{"x":0.34,"y":1},"o":{"x":0.66,"y":0},"n":"0p34_1_0p66_0","t":160,"s":[{"i":[[-2.845,-13.58],[0,0],[0,0],[-2,11.195],[10.5,0],[25,0],[9,0],[6.5,0],[0,10.918],[40.304,0]],"o":[[2.75,13.125],[0,0],[0,0],[1.768,-9.898],[-4,0],[0,10.445],[-8.5,0],[-8.5,0],[-24.184,0],[-11,0]],"v":[[-154,89.625],[-150,110],[264,110],[268,89.305],[252,71.109],[116.5,71.055],[101.5,88],[12,88],[-2.5,71.082],[-138.75,71.246]],"c":true}],"e":[{"i":[[0,-13.875],[0,0],[0,0],[0,8.055],[10.5,0],[25,0],[9,0],[6.5,0],[0,10.918],[40.304,0]],"o":[[0,5.875],[0,0],[0,0],[0,-10.055],[-4,0],[0,10.445],[-8.5,0],[-8.5,0],[-24.184,0],[-11,0]],"v":[[-154,89.625],[-154,110],[268,110],[268,89.305],[252,71.109],[116.5,71.055],[101.5,88],[12,88],[-2.5,71.082],[-138.75,71.246]],"c":true}]},{"t":198}],"ix":2},"nm":"Path 1","mn":"ADBE Vector Shape - Group","hd":false},{"ind":2,"ty":"sh","ix":3,"ks":{"a":1,"k":[{"i":{"x":0.34,"y":1},"o":{"x":0.66,"y":0},"n":"0p34_1_0p66_0","t":44,"s":[{"i":[[0,0],[0,0],[0,0],[0,0]],"o":[[0,0],[0,0],[0,0],[0,0]],"v":[[212,62],[-101.999,62],[-141.188,71.125],[253.25,70.688]],"c":true}],"e":[{"i":[[0,0],[0,0],[0,0],[0,0]],"o":[[0,0],[0,0],[0,0],[0,0]],"v":[[212,-48],[-101.999,-48],[-148.688,71.125],[260.75,70.688]],"c":true}]},{"i":{"x":0.34,"y":1},"o":{"x":0.66,"y":0},"n":"0p34_1_0p66_0","t":80,"s":[{"i":[[0,0],[0,0],[0,0],[0,0]],"o":[[0,0],[0,0],[0,0],[0,0]],"v":[[212,-48],[-101.999,-48],[-148.688,71.125],[260.75,70.688]],"c":true}],"e":[{"i":[[0,0],[0,0],[0,0],[0,0]],"o":[[0,0],[0,0],[0,0],[0,0]],"v":[[212,-48],[-101.999,-48],[-148.688,71.125],[260.75,70.688]],"c":true}]},{"i":{"x":0.34,"y":1},"o":{"x":0.66,"y":0},"n":"0p34_1_0p66_0","t":160,"s":[{"i":[[0,0],[0,0],[0,0],[0,0]],"o":[[0,0],[0,0],[0,0],[0,0]],"v":[[212,-48],[-101.999,-48],[-148.688,71.125],[260.75,70.688]],"c":true}],"e":[{"i":[[0,0],[0,0],[0,0],[0,0]],"o":[[0,0],[0,0],[0,0],[0,0]],"v":[[212,62],[-101.999,62],[-141.188,71.125],[253.25,70.688]],"c":true}]},{"t":198}],"ix":2},"nm":"Path 2","mn":"ADBE Vector Shape - Group","hd":false},{"ty":"st","c":{"a":0,"k":[1,1,1,1],"ix":3,"x":"var $bm_rt;\n$bm_rt = thisComp.layer('Control').effect('Outer stroke color')('Color');"},"o":{"a":0,"k":100,"ix":4},"w":{"a":0,"k":10,"ix":5,"x":"var $bm_rt;\n$bm_rt = thisComp.layer('Control').effect('Outer stroke width')('Slider');"},"lc":1,"lj":2,"nm":"Stroke 1","mn":"ADBE Vector Graphic - Stroke","hd":false},{"ty":"tr","p":{"a":0,"k":[-4,0],"ix":2},"a":{"a":0,"k":[0,0],"ix":1},"s":{"a":0,"k":[100,100],"ix":3},"r":{"a":0,"k":0,"ix":6},"o":{"a":0,"k":100,"ix":7},"sk":{"a":0,"k":0,"ix":4},"sa":{"a":0,"k":0,"ix":5},"nm":"Transform"}],"nm":"Shape 1","np":4,"cix":2,"ix":3,"mn":"ADBE Vector Group","hd":false}],"ip":0,"op":505,"st":0,"bm":0}]}],"layers":[{"ddd":0,"ind":1,"ty":0,"nm":"black new resized for mini icon","refId":"comp_0","sr":1,"ks":{"o":{"a":0,"k":100,"ix":11},"r":{"a":0,"k":0,"ix":10},"p":{"a":0,"k":[400,408.5,0],"ix":2},"a":{"a":0,"k":[700,700,0],"ix":1},"s":{"a":0,"k":[18,18,100],"ix":6}},"ao":0,"w":1400,"h":1400,"ip":0,"op":505,"st":0,"bm":0}],"markers":[] }