{"v":"5.3.1","fr":60,"ip":0,"op":505,"w":800,"h":800,"nm":"black new resized","ddd":1,"assets":[{"id":"comp_0","layers":[{"ddd":0,"ind":1,"ty":3,"nm":"Control","sr":1,"ks":{"o":{"a":0,"k":0,"ix":11},"r":{"a":0,"k":0,"ix":10},"p":{"a":0,"k":[700,700,0],"ix":2},"a":{"a":0,"k":[0,0,0],"ix":1},"s":{"a":0,"k":[100,100,100],"ix":6}},"ao":0,"ef":[{"ty":5,"nm":"Outer stroke color","np":3,"mn":"ADBE Color Control","ix":1,"en":1,"ef":[{"ty":2,"nm":"Color","mn":"ADBE Color Control-0001","ix":1,"v":{"a":0,"k":[1,1,1,1],"ix":1}}]},{"ty":5,"nm":"Outer stroke width","np":3,"mn":"ADBE Slider Control","ix":2,"en":1,"ef":[{"ty":0,"nm":"Slider","mn":"ADBE Slider Control-0001","ix":1,"v":{"a":0,"k":10,"ix":1}}]},{"ty":5,"nm":"Inner stroke color","np":3,"mn":"ADBE Color Control","ix":3,"en":1,"ef":[{"ty":2,"nm":"Color","mn":"ADBE Color Control-0001","ix":1,"v":{"a":0,"k":[1,1,1,1],"ix":1}}]},{"ty":5,"nm":"Inner stroke width","np":3,"mn":"ADBE Slider Control","ix":4,"en":1,"ef":[{"ty":0,"nm":"Slider","mn":"ADBE Slider Control-0001","ix":1,"v":{"a":0,"k":0,"ix":1}}]},{"ty":5,"nm":"Reflect line width","np":3,"mn":"ADBE Slider Control","ix":5,"en":1,"ef":[{"ty":0,"nm":"Slider","mn":"ADBE Slider Control-0001","ix":1,"v":{"a":0,"k":1,"ix":1}}]},{"ty":5,"nm":"Reflect line width color","np":3,"mn":"ADBE Color Control","ix":6,"en":1,"ef":[{"ty":2,"nm":"Color","mn":"ADBE Color Control-0001","ix":1,"v":{"a":0,"k":[0,0,0,1],"ix":1}}]},{"ty":5,"nm":"BG color","np":3,"mn":"ADBE Color Control","ix":7,"en":1,"ef":[{"ty":2,"nm":"Color","mn":"ADBE Color Control-0001","ix":1,"v":{"a":0,"k":[0,0,0,1],"ix":1}}]},{"ty":5,"nm":"Screen Color","np":3,"mn":"ADBE Color Control","ix":8,"en":1,"ef":[{"ty":2,"nm":"Color","mn":"ADBE Color Control-0001","ix":1,"v":{"a":0,"k":[1,1,1,1],"ix":1}}]}],"ip":0,"op":505,"st":0,"bm":0},{"ddd":0,"ind":3,"ty":3,"nm":"Catcher","sr":1,"ks":{"o":{"a":1,"k":[{"i":{"x":[0.24],"y":[1]},"o":{"x":[0.76],"y":[0]},"n":["0p24_1_0p76_0"],"t":44,"s":[0],"e":[100]},{"i":{"x":[0.24],"y":[1]},"o":{"x":[0.76],"y":[0]},"n":["0p24_1_0p76_0"],"t":80,"s":[100],"e":[100]},{"i":{"x":[0.24],"y":[1]},"o":{"x":[0.76],"y":[0]},"n":["0p24_1_0p76_0"],"t":160,"s":[100],"e":[0]},{"t":198}],"ix":11},"r":{"a":0,"k":0,"ix":10},"p":{"a":1,"k":[{"i":{"x":0.24,"y":1},"o":{"x":0.76,"y":0},"n":"0p24_1_0p76_0","t":44,"s":[695.713,779.098,0],"e":[695.713,1040.098,0],"to":[0,43.5,0],"ti":[0,-43.5,0]},{"i":{"x":0.24,"y":0.24},"o":{"x":0.76,"y":0.76},"n":"0p24_0p24_0p76_0p76","t":80,"s":[695.713,1040.098,0],"e":[695.713,1040.098,0],"to":[0,0,0],"ti":[0,0,0]},{"i":{"x":0.24,"y":1},"o":{"x":0.76,"y":0},"n":"0p24_1_0p76_0","t":160,"s":[695.713,1040.098,0],"e":[695.713,779.098,0],"to":[0,-43.5,0],"ti":[0,43.5,0]},{"t":198}],"ix":2},"a":{"a":0,"k":[4.713,-25.902,0],"ix":1},"s":{"a":0,"k":[100,100,100],"ix":6}},"ao":0,"ip":0,"op":505,"st":0,"bm":0},{"ddd":0,"ind":4,"ty":4,"nm":"CatcherText","parent":3,"sr":1,"ks":{"o":{"a":1,"k":[{"i":{"x":[0.24],"y":[1]},"o":{"x":[0.76],"y":[0]},"n":["0p24_1_0p76_0"],"t":44,"s":[0],"e":[100]},{"i":{"x":[0.24],"y":[1]},"o":{"x":[0.76],"y":[0]},"n":["0p24_1_0p76_0"],"t":80,"s":[100],"e":[100]},{"i":{"x":[0.24],"y":[1]},"o":{"x":[0.76],"y":[0]},"n":["0p24_1_0p76_0"],"t":160,"s":[100],"e":[0]},{"t":198}],"ix":11},"r":{"a":0,"k":0,"ix":10},"p":{"a":0,"k":[7.713,-23.902,0],"ix":2},"a":{"a":0,"k":[4.713,-25.902,0],"ix":1},"s":{"a":0,"k":[100,100,100],"ix":6}},"ao":0,"shapes":[{"ty":"gr","it":[{"ind":0,"ty":"sh","ix":1,"ks":{"a":0,"k":{"i":[[-2.507,14.602],[0,0],[0,0],[5.953,0],[0,4.136],[-0.314,1.63],[0,0],[-6.33,0],[-1.191,-1.347],[0,-2.318],[2.068,-2.381],[0,0],[0,0],[-0.721,2.476],[0,2.507],[3.76,3.102],[7.269,0],[2.82,-15.854],[0,0],[0,-2.13],[-2.382,-2.757],[-8.962,0]],"o":[[0,0],[0,0],[-1.191,6.706],[-4.951,0],[0,-1.566],[0,0],[1.19,-7.018],[2.318,0],[1.19,1.348],[0,4.387],[0,0],[0,0],[0.689,-1.19],[0.72,-2.475],[0,-5.389],[-3.76,-3.102],[-17.547,0],[0,0],[-0.439,2.444],[0,4.951],[3.446,3.886],[17.358,0]],"v":[[-134.182,-23.241],[-133.712,-25.967],[-150.632,-25.967],[-161.348,-15.909],[-168.774,-22.113],[-168.304,-26.907],[-165.014,-45.895],[-153.734,-56.423],[-148.47,-54.402],[-146.684,-48.903],[-149.786,-38.751],[-133.148,-38.751],[-132.114,-40.631],[-129.999,-46.13],[-128.918,-53.603],[-134.558,-66.34],[-151.102,-70.993],[-181.652,-47.211],[-185.506,-25.591],[-186.164,-18.729],[-182.592,-7.167],[-163.98,-1.339]],"c":true},"ix":2},"nm":"C","mn":"ADBE Vector Shape - Group","hd":false},{"ty":"fl","c":{"a":0,"k":[1,1,1,1],"ix":4},"o":{"a":0,"k":100,"ix":5},"r":1,"nm":"Fill 1","mn":"ADBE Vector Graphic - Fill","hd":false},{"ty":"st","c":{"a":0,"k":[0,0,0,1],"ix":3},"o":{"a":0,"k":100,"ix":4},"w":{"a":0,"k":2,"ix":5},"lc":1,"lj":1,"ml":4,"ml2":{"a":0,"k":4,"ix":8},"nm":"Stroke 1","mn":"ADBE Vector Graphic - Stroke","hd":true},{"ty":"tr","p":{"a":0,"k":[0,0],"ix":2},"a":{"a":0,"k":[0,0],"ix":1},"s":{"a":0,"k":[100,100],"ix":3},"r":{"a":0,"k":0,"ix":6},"o":{"a":0,"k":100,"ix":7},"sk":{"a":0,"k":0,"ix":4},"sa":{"a":0,"k":0,"ix":5},"nm":"Transform"}],"nm":"C","np":3,"cix":2,"ix":1,"mn":"ADBE Vector Group","hd":false},{"ty":"gr","it":[{"ind":0,"ty":"sh","ix":1,"ks":{"a":0,"k":{"i":[[-0.063,0.376],[0,0],[0,0],[0,0],[5.796,0],[3.603,-3.352],[1.002,-5.64],[0,0],[0,-1.504],[-10.278,0],[-3.134,5.014],[-6.894,0],[-3.008,2.444],[0,0],[1.66,0],[0,1.63]],"o":[[0,0],[0,0],[0,0],[-2.068,-2.694],[-5.797,0],[-3.604,3.353],[0,0],[-0.314,1.818],[0,8.836],[6.078,0],[0.752,5.014],[3.76,0],[0,0],[-1.128,0.627],[-1.661,0],[0,-0.376]],"v":[[-82.483,-18.259],[-77.219,-47.869],[-91.507,-47.869],[-91.977,-45.049],[-103.774,-49.091],[-117.874,-44.062],[-124.783,-30.573],[-126.757,-19.575],[-127.227,-14.593],[-111.811,-1.339],[-97.993,-8.859],[-86.525,-1.339],[-76.373,-5.005],[-75.903,-15.627],[-80.086,-14.687],[-82.577,-17.131]],"c":true},"ix":2},"nm":"a","mn":"ADBE Vector Shape - Group","hd":false},{"ind":1,"ty":"sh","ix":2,"ks":{"a":0,"k":{"i":[[0,0],[-4.826,0],[-0.69,-1.566],[0,0],[2.224,0],[0.94,0.972],[0,1.003],[-0.126,0.564]],"o":[[0.814,-4.637],[2.569,0],[0,0],[-1.63,1.755],[-2.225,0],[-0.94,-0.971],[0,-1.002],[0,0]],"v":[[-109.179,-28.693],[-100.719,-35.649],[-95.831,-33.299],[-98.651,-17.507],[-104.432,-14.875],[-109.179,-16.332],[-110.589,-19.293],[-110.401,-21.643]],"c":true},"ix":2},"nm":"a","mn":"ADBE Vector Shape - Group","hd":false},{"ty":"mm","mm":1,"nm":"Merge Paths 1","mn":"ADBE Vector Filter - Merge","hd":false},{"ty":"fl","c":{"a":0,"k":[1,1,1,1],"ix":4},"o":{"a":0,"k":100,"ix":5},"r":1,"nm":"Fill 1","mn":"ADBE Vector Graphic - Fill","hd":false},{"ty":"st","c":{"a":0,"k":[0,0,0,1],"ix":3},"o":{"a":0,"k":100,"ix":4},"w":{"a":0,"k":2,"ix":5},"lc":1,"lj":1,"ml":4,"ml2":{"a":0,"k":4,"ix":8},"nm":"Stroke 1","mn":"ADBE Vector Graphic - Stroke","hd":true},{"ty":"tr","p":{"a":0,"k":[0,0],"ix":2},"a":{"a":0,"k":[0,0],"ix":1},"s":{"a":0,"k":[100,100],"ix":3},"r":{"a":0,"k":0,"ix":6},"o":{"a":0,"k":100,"ix":7},"sk":{"a":0,"k":0,"ix":4},"sa":{"a":0,"k":0,"ix":5},"nm":"Transform"}],"nm":"a","np":5,"cix":2,"ix":2,"mn":"ADBE Vector Group","hd":false},{"ty":"gr","it":[{"ind":0,"ty":"sh","ix":1,"ks":{"a":0,"k":{"i":[[-2.632,15.228],[0,0],[1.347,-1.692],[2.005,0],[0,3.948],[-0.251,1.191],[0,0],[0,0],[0,0],[0,0],[0,0],[0,0],[0,0],[0,-1.316],[-2.382,-2.381],[-7.27,0]],"o":[[0,0],[-0.502,2.82],[-1.348,1.692],[-3.76,0],[0,-0.94],[0,0],[0,0],[0,0],[0,0],[0,0],[0,0],[0,0],[-0.251,1.504],[0,4.011],[3.196,3.259],[14.977,0]],"v":[[-23.546,-24.181],[-39.15,-24.181],[-41.923,-17.413],[-46.952,-14.875],[-52.592,-20.797],[-52.216,-23.993],[-50.336,-34.615],[-24.392,-34.615],[-22.042,-47.869],[-47.986,-47.869],[-45.26,-63.567],[-62.462,-56.423],[-68.854,-20.045],[-69.23,-15.815],[-65.658,-6.227],[-49.96,-1.339]],"c":true},"ix":2},"nm":"t","mn":"ADBE Vector Shape - Group","hd":false},{"ty":"fl","c":{"a":0,"k":[1,1,1,1],"ix":4},"o":{"a":0,"k":100,"ix":5},"r":1,"nm":"Fill 1","mn":"ADBE Vector Graphic - Fill","hd":false},{"ty":"st","c":{"a":0,"k":[0,0,0,1],"ix":3},"o":{"a":0,"k":100,"ix":4},"w":{"a":0,"k":2,"ix":5},"lc":1,"lj":1,"ml":4,"ml2":{"a":0,"k":4,"ix":8},"nm":"Stroke 1","mn":"ADBE Vector Graphic - Stroke","hd":true},{"ty":"tr","p":{"a":0,"k":[0,0],"ix":2},"a":{"a":0,"k":[0,0],"ix":1},"s":{"a":0,"k":[100,100],"ix":3},"r":{"a":0,"k":0,"ix":6},"o":{"a":0,"k":100,"ix":7},"sk":{"a":0,"k":0,"ix":4},"sa":{"a":0,"k":0,"ix":5},"nm":"Transform"}],"nm":"t","np":3,"cix":2,"ix":3,"mn":"ADBE Vector Group","hd":false},{"ty":"gr","it":[{"ind":0,"ty":"sh","ix":1,"ks":{"a":0,"k":{"i":[[-2.068,11.719],[0,0],[1.096,-0.877],[1.378,0],[0,3.322],[-0.126,0.627],[0,0],[-1.442,1.191],[-2.006,0],[0,-3.384],[1.566,-1.378],[0,0],[0,0],[-0.47,1.598],[0,2.006],[13.348,0],[4.48,-3.196],[1.002,-6.016],[0,0],[0,-1.253],[-13.035,0]],"o":[[0,0],[-0.188,1.066],[-1.097,0.878],[-4.136,0],[0,-0.564],[0,0],[0.438,-2.444],[1.441,-1.19],[3.384,0],[0,1.88],[0,0],[0,0],[0.501,-0.564],[0.47,-1.598],[0,-9.274],[-6.894,0.063],[-4.481,3.196],[0,0],[-0.251,1.442],[0,9.024],[14.288,0]],"v":[[25.052,-18.917],[9.448,-19.105],[7.521,-16.191],[3.808,-14.875],[-2.396,-19.857],[-2.208,-21.643],[-0.986,-28.505],[1.834,-33.957],[7.004,-35.743],[12.08,-30.667],[9.73,-25.779],[25.71,-25.779],[26.462,-26.719],[27.919,-29.962],[28.624,-35.367],[8.602,-49.279],[-8.459,-44.391],[-16.684,-30.573],[-18.658,-18.917],[-19.034,-14.875],[0.518,-1.339]],"c":true},"ix":2},"nm":"c","mn":"ADBE Vector Shape - Group","hd":false},{"ty":"fl","c":{"a":0,"k":[1,1,1,1],"ix":4},"o":{"a":0,"k":100,"ix":5},"r":1,"nm":"Fill 1","mn":"ADBE Vector Graphic - Fill","hd":false},{"ty":"st","c":{"a":0,"k":[0,0,0,1],"ix":3},"o":{"a":0,"k":100,"ix":4},"w":{"a":0,"k":2,"ix":5},"lc":1,"lj":1,"ml":4,"ml2":{"a":0,"k":4,"ix":8},"nm":"Stroke 1","mn":"ADBE Vector Graphic - Stroke","hd":true},{"ty":"tr","p":{"a":0,"k":[0,0],"ix":2},"a":{"a":0,"k":[0,0],"ix":1},"s":{"a":0,"k":[100,100],"ix":3},"r":{"a":0,"k":0,"ix":6},"o":{"a":0,"k":100,"ix":7},"sk":{"a":0,"k":0,"ix":4},"sa":{"a":0,"k":0,"ix":5},"nm":"Transform"}],"nm":"c","np":3,"cix":2,"ix":4,"mn":"ADBE Vector Group","hd":false},{"ty":"gr","it":[{"ind":0,"ty":"sh","ix":1,"ks":{"a":0,"k":{"i":[[0,1.692],[-0.063,0.376],[0,0],[0,2.319],[1.316,1.88],[6.329,0],[3.446,-3.697],[0,0],[0,0],[0,0],[0,0],[0,0],[-3.165,0],[0,-3.008],[0.188,-1.128],[0,0],[0,-1.253],[-8.523,0],[-2.946,2.444],[0,0],[1.441,0]],"o":[[0,-0.313],[0,0],[0.376,-1.942],[0,-2.318],[-1.88,-2.82],[-5.202,0],[0,0],[0,0],[0,0],[0,0],[0,0],[1.754,-2.13],[3.164,0],[0,1.128],[0,0],[-0.251,1.442],[0,7.144],[3.76,0],[0,0],[-1.128,0.627],[-1.88,0]],"v":[[79.195,-17.225],[79.289,-18.259],[81.827,-32.265],[82.391,-38.657],[80.417,-44.955],[68.103,-49.185],[55.131,-43.639],[60.489,-74.001],[44.509,-74.001],[31.913,-2.655],[47.893,-2.655],[53.157,-32.359],[60.536,-35.555],[65.283,-31.043],[65.001,-27.659],[62.933,-16.097],[62.557,-12.055],[75.341,-1.339],[85.399,-5.005],[85.869,-15.627],[82.015,-14.687]],"c":true},"ix":2},"nm":"h","mn":"ADBE Vector Shape - Group","hd":false},{"ty":"fl","c":{"a":0,"k":[1,1,1,1],"ix":4},"o":{"a":0,"k":100,"ix":5},"r":1,"nm":"Fill 1","mn":"ADBE Vector Graphic - Fill","hd":false},{"ty":"st","c":{"a":0,"k":[0,0,0,1],"ix":3},"o":{"a":0,"k":100,"ix":4},"w":{"a":0,"k":2,"ix":5},"lc":1,"lj":1,"ml":4,"ml2":{"a":0,"k":4,"ix":8},"nm":"Stroke 1","mn":"ADBE Vector Graphic - Stroke","hd":true},{"ty":"tr","p":{"a":0,"k":[0,0],"ix":2},"a":{"a":0,"k":[0,0],"ix":1},"s":{"a":0,"k":[100,100],"ix":3},"r":{"a":0,"k":0,"ix":6},"o":{"a":0,"k":100,"ix":7},"sk":{"a":0,"k":0,"ix":4},"sa":{"a":0,"k":0,"ix":5},"nm":"Transform"}],"nm":"h","np":3,"cix":2,"ix":5,"mn":"ADBE Vector Group","hd":false},{"ty":"gr","it":[{"ind":0,"ty":"sh","ix":1,"ks":{"a":0,"k":{"i":[[-2.068,11.719],[0,0],[1.065,-0.94],[1.504,0],[0,3.447],[-0.126,0.752],[0,0],[0,0],[0,0],[0,1.379],[12.596,0],[4.48,-3.227],[1.065,-6.016],[0,0],[0,-1.253],[-13.035,0]],"o":[[0,0],[-0.188,1.254],[-1.066,0.94],[-4.074,0],[0,-0.626],[0,0],[0,0],[0,0],[0.25,-1.629],[0,-9.525],[-7.395,0],[-4.481,3.228],[0,0],[-0.251,1.442],[0,9.024],[14.288,0]],"v":[[134.936,-18.917],[119.332,-19.105],[117.452,-15.815],[113.598,-14.405],[107.488,-19.575],[107.676,-21.643],[108.052,-23.805],[136.722,-23.805],[137.85,-30.479],[138.226,-34.991],[119.332,-49.279],[101.519,-44.438],[93.2,-30.573],[91.226,-18.917],[90.85,-14.875],[110.402,-1.339]],"c":true},"ix":2},"nm":"e","mn":"ADBE Vector Shape - Group","hd":false},{"ind":1,"ty":"sh","ix":2,"ks":{"a":0,"k":{"i":[[0,0],[-1.473,1.191],[-1.786,0],[-0.815,-0.94],[0,-0.908],[0.25,-1.065]],"o":[[0.564,-2.381],[1.472,-1.19],[1.786,0],[0.814,0.94],[0,0.909],[0,0]],"v":[[108.992,-29.539],[112.047,-34.897],[116.935,-36.683],[120.836,-35.273],[122.058,-32.5],[121.682,-29.539]],"c":true},"ix":2},"nm":"e","mn":"ADBE Vector Shape - Group","hd":false},{"ty":"mm","mm":1,"nm":"Merge Paths 1","mn":"ADBE Vector Filter - Merge","hd":false},{"ty":"fl","c":{"a":0,"k":[1,1,1,1],"ix":4},"o":{"a":0,"k":100,"ix":5},"r":1,"nm":"Fill 1","mn":"ADBE Vector Graphic - Fill","hd":false},{"ty":"st","c":{"a":0,"k":[0,0,0,1],"ix":3},"o":{"a":0,"k":100,"ix":4},"w":{"a":0,"k":2,"ix":5},"lc":1,"lj":1,"ml":4,"ml2":{"a":0,"k":4,"ix":8},"nm":"Stroke 1","mn":"ADBE Vector Graphic - Stroke","hd":true},{"ty":"tr","p":{"a":0,"k":[0,0],"ix":2},"a":{"a":0,"k":[0,0],"ix":1},"s":{"a":0,"k":[100,100],"ix":3},"r":{"a":0,"k":0,"ix":6},"o":{"a":0,"k":100,"ix":7},"sk":{"a":0,"k":0,"ix":4},"sa":{"a":0,"k":0,"ix":5},"nm":"Transform"}],"nm":"e","np":5,"cix":2,"ix":6,"mn":"ADBE Vector Group","hd":false},{"ty":"gr","it":[{"ind":0,"ty":"sh","ix":1,"ks":{"a":0,"k":{"i":[[2.036,1.943],[4.073,0],[3.572,-5.076],[0,0],[0,0],[0,0],[0,0],[0,0],[-2.131,0],[-0.721,-0.72],[0,-1.128],[1.566,-1.441],[0,0],[0,0],[-0.721,2.006],[0,2.131]],"o":[[-2.037,-1.942],[-5.076,0],[0,0],[0,0],[0,0],[0,0],[0,0],[1.566,-2.13],[1.253,0],[0.72,0.721],[0,2.131],[0,0],[0,0],[0.689,-0.94],[0.72,-2.005],[0,-3.384]],"v":[[185.835,-46.271],[176.67,-49.185],[163.698,-41.571],[164.826,-47.869],[149.974,-47.869],[141.984,-2.655],[157.964,-2.655],[163.228,-32.359],[168.774,-35.555],[171.735,-34.474],[172.816,-31.701],[170.466,-26.343],[184.66,-26.343],[185.694,-27.659],[187.809,-32.077],[188.89,-38.281]],"c":true},"ix":2},"nm":"r","mn":"ADBE Vector Shape - Group","hd":false},{"ty":"fl","c":{"a":0,"k":[1,1,1,1],"ix":4},"o":{"a":0,"k":100,"ix":5},"r":1,"nm":"Fill 1","mn":"ADBE Vector Graphic - Fill","hd":false},{"ty":"st","c":{"a":0,"k":[0,0,0,1],"ix":3},"o":{"a":0,"k":100,"ix":4},"w":{"a":0,"k":2,"ix":5},"lc":1,"lj":1,"ml":4,"ml2":{"a":0,"k":4,"ix":8},"nm":"Stroke 1","mn":"ADBE Vector Graphic - Stroke","hd":true},{"ty":"tr","p":{"a":0,"k":[0,0],"ix":2},"a":{"a":0,"k":[0,0],"ix":1},"s":{"a":0,"k":[100,100],"ix":3},"r":{"a":0,"k":0,"ix":6},"o":{"a":0,"k":100,"ix":7},"sk":{"a":0,"k":0,"ix":4},"sa":{"a":0,"k":0,"ix":5},"nm":"Transform"}],"nm":"r","np":3,"cix":2,"ix":7,"mn":"ADBE Vector Group","hd":false}],"ip":0,"op":505,"st":0,"bm":0},{"ddd":1,"ind":5,"ty":4,"nm":"Scanner","sr":1,"ks":{"o":{"a":0,"k":100,"ix":11},"rx":{"a":0,"k":0,"ix":8},"ry":{"a":0,"k":0,"ix":9},"rz":{"a":0,"k":0,"ix":10},"or":{"a":0,"k":[0,0,0],"ix":7},"p":{"a":1,"k":[{"i":{"x":0.34,"y":1},"o":{"x":0.66,"y":0},"n":"0p34_1_0p66_0","t":44,"s":[704.019,690.257,0],"e":[704.019,926.448,0],"to":[0,39.3651466369629,0],"ti":[0,-39.3651466369629,0]},{"i":{"x":0.547,"y":0.547},"o":{"x":0.749,"y":0.749},"n":"0p547_0p547_0p749_0p749","t":80,"s":[704.019,926.448,0],"e":[704.019,926.448,0],"to":[0,0,0],"ti":[0,0,0]},{"i":{"x":0.34,"y":1},"o":{"x":0.66,"y":0},"n":"0p34_1_0p66_0","t":160,"s":[704.019,926.448,0],"e":[704.019,690.257,0],"to":[0,-39.3651466369629,0],"ti":[0,39.3651466369629,0]},{"t":198}],"ix":2},"a":{"a":0,"k":[52,84,0],"ix":1},"s":{"a":1,"k":[{"i":{"x":[0.34,0.34,0.34],"y":[1,1,1]},"o":{"x":[0.66,0.66,0.66],"y":[0,0,0]},"n":["0p34_1_0p66_0","0p34_1_0p66_0","0p34_1_0p66_0"],"t":16,"s":[0,0,100],"e":[105,105,100]},{"i":{"x":[0.34,0.34,0.34],"y":[1,1,1]},"o":{"x":[0.66,0.66,0.66],"y":[0,0,0]},"n":["0p34_1_0p66_0","0p34_1_0p66_0","0p34_1_0p66_0"],"t":31,"s":[105,105,100],"e":[100,100,100]},{"i":{"x":[0.34,0.34,0.34],"y":[1,1,1]},"o":{"x":[0.167,0.167,0.167],"y":[0,0,0]},"n":["0p34_1_0p167_0","0p34_1_0p167_0","0p34_1_0p167_0"],"t":46,"s":[100,100,100],"e":[100,100,100]},{"i":{"x":[0.34,0.34,0.34],"y":[1,1,1]},"o":{"x":[0.48,0.48,0.48],"y":[-0.7,-0.7,0]},"n":["0p34_1_0p48_-0p7","0p34_1_0p48_-0p7","0p34_1_0p48_0"],"t":472,"s":[100,100,100],"e":[105,105,100]},{"i":{"x":[0.52,0.52,0.52],"y":[0.967,0.967,1]},"o":{"x":[0.66,0.66,0.66],"y":[0,0,0]},"n":["0p52_0p967_0p66_0","0p52_0p967_0p66_0","0p52_1_0p66_0"],"t":486,"s":[105,105,100],"e":[0,0,100]},{"t":500}],"ix":6}},"ao":0,"shapes":[{"ty":"gr","it":[{"ind":0,"ty":"sh","ix":1,"ks":{"a":0,"k":{"i":[[0,0],[0,0]],"o":[[0,0],[0,0]],"v":[[172,34.75],[112,51.75]],"c":true},"ix":2},"nm":"Path 9","mn":"ADBE Vector Shape - Group","hd":false},{"ind":1,"ty":"sh","ix":2,"ks":{"a":0,"k":{"i":[[0,0],[0,0]],"o":[[0,0],[0,0]],"v":[[202,1.75],[108,28.75]],"c":true},"ix":2},"nm":"Path 10","mn":"ADBE Vector Shape - Group","hd":false},{"ind":2,"ty":"sh","ix":3,"ks":{"a":0,"k":{"i":[[0,0],[0,0]],"o":[[0,0],[0,0]],"v":[[36,1.75],[-109,39.75]],"c":true},"ix":2},"nm":"Path 11","mn":"ADBE Vector Shape - Group","hd":false},{"ind":3,"ty":"sh","ix":4,"ks":{"a":0,"k":{"i":[[0,0],[0,0]],"o":[[0,0],[0,0]],"v":[[83,-29.25],[-26,-3.25]],"c":true},"ix":2},"nm":"Path 8","mn":"ADBE Vector Shape - Group","hd":false},{"ind":4,"ty":"sh","ix":5,"ks":{"a":0,"k":{"i":[[0,0],[0,0]],"o":[[0,0],[0,0]],"v":[[-34,-21.25],[-95,-8.25]],"c":true},"ix":2},"nm":"Path 7","mn":"ADBE Vector Shape - Group","hd":false},{"ind":5,"ty":"sh","ix":6,"ks":{"a":0,"k":{"i":[[0,0],[0,0]],"o":[[0,0],[0,0]],"v":[[83,-208.25],[-59,-66.25]],"c":true},"ix":2},"nm":"Path 6","mn":"ADBE Vector Shape - Group","hd":false},{"ind":6,"ty":"sh","ix":7,"ks":{"a":0,"k":{"i":[[0,0],[0,0]],"o":[[0,0],[0,0]],"v":[[191,-466.25],[-9,-266.25]],"c":true},"ix":2},"nm":"Path 5","mn":"ADBE Vector Shape - Group","hd":false},{"ind":7,"ty":"sh","ix":8,"ks":{"a":0,"k":{"i":[[0,0],[0,0]],"o":[[0,0],[0,0]],"v":[[197,-248.25],[93,-144.25]],"c":true},"ix":2},"nm":"Path 4","mn":"ADBE Vector Shape - Group","hd":false},{"ind":8,"ty":"sh","ix":9,"ks":{"a":0,"k":{"i":[[0,0],[0,0]],"o":[[0,0],[0,0]],"v":[[191,-210.25],[69,-88.25]],"c":true},"ix":2},"nm":"Path 3","mn":"ADBE Vector Shape - Group","hd":false},{"ind":9,"ty":"sh","ix":10,"ks":{"a":0,"k":{"i":[[0,0],[0,0]],"o":[[0,0],[0,0]],"v":[[21,-346.25],[-91,-234.25]],"c":true},"ix":2},"nm":"Path 2","mn":"ADBE Vector Shape - Group","hd":false},{"ind":10,"ty":"sh","ix":11,"ks":{"a":0,"k":{"i":[[0,0],[0,0]],"o":[[0,0],[0,0]],"v":[[7,-466.25],[-61,-398.25]],"c":true},"ix":2},"nm":"Path 1","mn":"ADBE Vector Shape - Group","hd":false},{"ty":"st","c":{"a":0,"k":[0,0,0,1],"ix":3,"x":"var $bm_rt;\n$bm_rt = thisComp.layer('Control').effect('Reflect line width color')('Color');"},"o":{"a":0,"k":100,"ix":4},"w":{"a":0,"k":0,"ix":5,"x":"var $bm_rt;\n$bm_rt = thisComp.layer('Control').effect('Reflect line width')('Slider');"},"lc":1,"lj":2,"d":[{"n":"d","nm":"dash","v":{"a":0,"k":217,"ix":1}},{"n":"g","nm":"gap","v":{"a":0,"k":20,"ix":2}},{"n":"o","nm":"offset","v":{"a":0,"k":164,"ix":7}}],"nm":"Stroke 2","mn":"ADBE Vector Graphic - Stroke","hd":false},{"ty":"tr","p":{"a":0,"k":[57.164,-266.969],"ix":2},"a":{"a":0,"k":[57.164,-266.969],"ix":1},"s":{"a":0,"k":[100,100],"ix":3},"r":{"a":0,"k":0,"ix":6},"o":{"a":0,"k":100,"ix":7},"sk":{"a":0,"k":0,"ix":4},"sa":{"a":0,"k":0,"ix":5},"nm":"Transform"}],"nm":"Shape 3","np":12,"cix":2,"ix":1,"mn":"ADBE Vector Group","hd":false},{"ty":"gr","it":[{"ind":0,"ty":"sh","ix":1,"ks":{"a":1,"k":[{"i":{"x":0.34,"y":1},"o":{"x":0.66,"y":0},"n":"0p34_1_0p66_0","t":45,"s":[{"i":[[0,0],[0,0],[0,0],[0,0]],"o":[[0,0],[0,0],[0,0],[0,0]],"v":[[194.5,63.25],[-83.999,63.25],[-111.188,71.625],[224,71.125]],"c":true}],"e":[{"i":[[0,0],[0,0],[0,0],[0,0]],"o":[[0,0],[0,0],[0,0],[0,0]],"v":[[194.5,-30.5],[-83.999,-30.5],[-111.188,53.375],[224,52.875]],"c":true}]},{"i":{"x":0.34,"y":1},"o":{"x":0.66,"y":0},"n":"0p34_1_0p66_0","t":80,"s":[{"i":[[0,0],[0,0],[0,0],[0,0]],"o":[[0,0],[0,0],[0,0],[0,0]],"v":[[194.5,-30.5],[-83.999,-30.5],[-111.188,53.375],[224,52.875]],"c":true}],"e":[{"i":[[0,0],[0,0],[0,0],[0,0]],"o":[[0,0],[0,0],[0,0],[0,0]],"v":[[194.5,-30.5],[-83.999,-30.5],[-111.188,53.375],[224,52.875]],"c":true}]},{"i":{"x":0.34,"y":1},"o":{"x":0.66,"y":0},"n":"0p34_1_0p66_0","t":160,"s":[{"i":[[0,0],[0,0],[0,0],[0,0]],"o":[[0,0],[0,0],[0,0],[0,0]],"v":[[194.5,-30.5],[-83.999,-30.5],[-111.188,53.375],[224,52.875]],"c":true}],"e":[{"i":[[0,0],[0,0],[0,0],[0,0]],"o":[[0,0],[0,0],[0,0],[0,0]],"v":[[194.5,63.25],[-83.999,63.25],[-111.188,71.625],[224,71.125]],"c":true}]},{"t":198}],"ix":2},"nm":"Path 4","mn":"ADBE Vector Shape - Group","hd":false},{"ind":1,"ty":"sh","ix":2,"ks":{"a":1,"k":[{"i":{"x":0.34,"y":1},"o":{"x":0.66,"y":0},"n":"0p34_1_0p66_0","t":45,"s":[{"i":[[0,0],[0,0],[0,0],[0,0]],"o":[[0,0],[0,0],[0,0],[0,0]],"v":[[190.5,63.5],[-79.999,63.5],[-114.188,71.125],[227,70.625]],"c":true}],"e":[{"i":[[0,0],[0,0],[0,0],[0,0]],"o":[[0,0],[0,0],[0,0],[0,0]],"v":[[190.5,-66.5],[-79.999,-66.5],[-99.188,-465.625],[212,-466.125]],"c":true}]},{"i":{"x":0.34,"y":1},"o":{"x":0.66,"y":0},"n":"0p34_1_0p66_0","t":80,"s":[{"i":[[0,0],[0,0],[0,0],[0,0]],"o":[[0,0],[0,0],[0,0],[0,0]],"v":[[190.5,-66.5],[-79.999,-66.5],[-99.188,-465.625],[212,-466.125]],"c":true}],"e":[{"i":[[0,0],[0,0],[0,0],[0,0]],"o":[[0,0],[0,0],[0,0],[0,0]],"v":[[190.5,-66.5],[-79.999,-66.5],[-99.188,-465.625],[212,-466.125]],"c":true}]},{"i":{"x":0.34,"y":1},"o":{"x":0.66,"y":0},"n":"0p34_1_0p66_0","t":160,"s":[{"i":[[0,0],[0,0],[0,0],[0,0]],"o":[[0,0],[0,0],[0,0],[0,0]],"v":[[190.5,-66.5],[-79.999,-66.5],[-99.188,-465.625],[212,-466.125]],"c":true}],"e":[{"i":[[0,0],[0,0],[0,0],[0,0]],"o":[[0,0],[0,0],[0,0],[0,0]],"v":[[190.5,63.5],[-79.999,63.5],[-114.188,71.125],[227,70.625]],"c":true}]},{"t":198}],"ix":2},"nm":"Path 5","mn":"ADBE Vector Shape - Group","hd":false},{"ty":"fl","c":{"a":0,"k":[1,1,1,1],"ix":4,"x":"var $bm_rt;\n$bm_rt = thisComp.layer('Control').effect('Screen Color')('Color');"},"o":{"a":0,"k":100,"ix":5},"r":1,"nm":"Fill 1","mn":"ADBE Vector Graphic - Fill","hd":false},{"ty":"tr","p":{"a":0,"k":[-4,0],"ix":2},"a":{"a":0,"k":[0,0],"ix":1},"s":{"a":0,"k":[100,100],"ix":3},"r":{"a":0,"k":0,"ix":6},"o":{"a":0,"k":100,"ix":7},"sk":{"a":0,"k":0,"ix":4},"sa":{"a":0,"k":0,"ix":5},"nm":"Transform"}],"nm":"Shape 2","np":3,"cix":2,"ix":2,"mn":"ADBE Vector Group","hd":false},{"ty":"gr","it":[{"ind":0,"ty":"sh","ix":1,"ks":{"a":1,"k":[{"i":{"x":0.34,"y":1},"o":{"x":0.66,"y":0},"n":"0p34_1_0p66_0","t":44,"s":[{"i":[[0,0],[0,0],[0,0],[0,0],[0,0],[0,0]],"o":[[0,0],[0,0],[0,0],[0,0],[0,0],[0,0]],"v":[[257,71.5],[-147,71.5],[-146.261,71.342],[-102.5,62],[211.5,62],[256.207,71.334]],"c":true}],"e":[{"i":[[22,0],[18,0],[-1.562,-24.057],[0,0],[0,0],[-0.626,14.494]],"o":[[-22,0],[-18,0],[1.035,15.937],[0,0],[0,0],[1.036,-23.998]],"v":[[211.5,-494.5],[-102,-494.5],[-126.938,-460.443],[-102,-48.5],[215,-47.5],[238.964,-459.502]],"c":true}]},{"i":{"x":0.34,"y":1},"o":{"x":0.66,"y":0},"n":"0p34_1_0p66_0","t":80,"s":[{"i":[[22,0],[18,0],[-1.562,-24.057],[0,0],[0,0],[-0.626,14.494]],"o":[[-22,0],[-18,0],[1.035,15.937],[0,0],[0,0],[1.036,-23.998]],"v":[[211.5,-494.5],[-102,-494.5],[-126.938,-460.443],[-102,-48.5],[215,-47.5],[238.964,-459.502]],"c":true}],"e":[{"i":[[22,0],[18,0],[-1.562,-24.057],[0,0],[0,0],[-0.626,14.494]],"o":[[-22,0],[-18,0],[1.035,15.937],[0,0],[0,0],[1.036,-23.998]],"v":[[211.5,-494.5],[-102,-494.5],[-126.938,-460.443],[-102,-48.5],[215,-47.5],[238.964,-459.502]],"c":true}]},{"i":{"x":0.34,"y":1},"o":{"x":0.66,"y":0},"n":"0p34_1_0p66_0","t":160,"s":[{"i":[[22,0],[18,0],[-1.562,-24.057],[0,0],[0,0],[-0.626,14.494]],"o":[[-22,0],[-18,0],[1.035,15.937],[0,0],[0,0],[1.036,-23.998]],"v":[[211.5,-494.5],[-102,-494.5],[-126.938,-460.443],[-102,-48.5],[215,-47.5],[238.964,-459.502]],"c":true}],"e":[{"i":[[0,0],[0,0],[0,0],[0,0],[0,0],[0,0]],"o":[[0,0],[0,0],[0,0],[0,0],[0,0],[0,0]],"v":[[257,71.5],[-147,71.5],[-146.261,71.342],[-102.5,62],[211.5,62],[256.207,71.334]],"c":true}]},{"t":198}],"ix":2},"nm":"Path 6","mn":"ADBE Vector Shape - Group","hd":false},{"ind":1,"ty":"sh","ix":2,"ks":{"a":1,"k":[{"i":{"x":0.34,"y":1},"o":{"x":0.66,"y":0},"n":"0p34_1_0p66_0","t":44,"s":[{"i":[[0,-13.875],[0,0],[0,0],[0,8.055],[10.5,0],[25,0],[9,0],[6.5,0],[0,10.918],[40.304,0]],"o":[[0,5.875],[0,0],[0,0],[0,-10.055],[-4,0],[0,10.445],[-8.5,0],[-8.5,0],[-24.184,0],[-11,0]],"v":[[-154,89.625],[-154,110],[268,110],[268,89.305],[252,71.109],[116.5,71.055],[101.5,88],[12,88],[-2.5,71.082],[-138.75,71.246]],"c":true}],"e":[{"i":[[-2.845,-13.58],[0,0],[0,0],[-2,11.195],[10.5,0],[25,0],[9,0],[6.5,0],[0,10.918],[40.304,0]],"o":[[2.75,13.125],[0,0],[0,0],[1.768,-9.898],[-4,0],[0,10.445],[-8.5,0],[-8.5,0],[-24.184,0],[-11,0]],"v":[[-154,89.625],[-150,110],[264,110],[268,89.305],[252,71.109],[116.5,71.055],[101.5,88],[12,88],[-2.5,71.082],[-138.75,71.246]],"c":true}]},{"i":{"x":0.34,"y":1},"o":{"x":0.66,"y":0},"n":"0p34_1_0p66_0","t":80,"s":[{"i":[[-2.845,-13.58],[0,0],[0,0],[-2,11.195],[10.5,0],[25,0],[9,0],[6.5,0],[0,10.918],[40.304,0]],"o":[[2.75,13.125],[0,0],[0,0],[1.768,-9.898],[-4,0],[0,10.445],[-8.5,0],[-8.5,0],[-24.184,0],[-11,0]],"v":[[-154,89.625],[-150,110],[264,110],[268,89.305],[252,71.109],[116.5,71.055],[101.5,88],[12,88],[-2.5,71.082],[-138.75,71.246]],"c":true}],"e":[{"i":[[-2.845,-13.58],[0,0],[0,0],[-2,11.195],[10.5,0],[25,0],[9,0],[6.5,0],[0,10.918],[40.304,0]],"o":[[2.75,13.125],[0,0],[0,0],[1.768,-9.898],[-4,0],[0,10.445],[-8.5,0],[-8.5,0],[-24.184,0],[-11,0]],"v":[[-154,89.625],[-150,110],[264,110],[268,89.305],[252,71.109],[116.5,71.055],[101.5,88],[12,88],[-2.5,71.082],[-138.75,71.246]],"c":true}]},{"i":{"x":0.34,"y":1},"o":{"x":0.66,"y":0},"n":"0p34_1_0p66_0","t":160,"s":[{"i":[[-2.845,-13.58],[0,0],[0,0],[-2,11.195],[10.5,0],[25,0],[9,0],[6.5,0],[0,10.918],[40.304,0]],"o":[[2.75,13.125],[0,0],[0,0],[1.768,-9.898],[-4,0],[0,10.445],[-8.5,0],[-8.5,0],[-24.184,0],[-11,0]],"v":[[-154,89.625],[-150,110],[264,110],[268,89.305],[252,71.109],[116.5,71.055],[101.5,88],[12,88],[-2.5,71.082],[-138.75,71.246]],"c":true}],"e":[{"i":[[0,-13.875],[0,0],[0,0],[0,8.055],[10.5,0],[25,0],[9,0],[6.5,0],[0,10.918],[40.304,0]],"o":[[0,5.875],[0,0],[0,0],[0,-10.055],[-4,0],[0,10.445],[-8.5,0],[-8.5,0],[-24.184,0],[-11,0]],"v":[[-154,89.625],[-154,110],[268,110],[268,89.305],[252,71.109],[116.5,71.055],[101.5,88],[12,88],[-2.5,71.082],[-138.75,71.246]],"c":true}]},{"t":198}],"ix":2},"nm":"Path 1","mn":"ADBE Vector Shape - Group","hd":false},{"ind":2,"ty":"sh","ix":3,"ks":{"a":1,"k":[{"i":{"x":0.34,"y":1},"o":{"x":0.66,"y":0},"n":"0p34_1_0p66_0","t":44,"s":[{"i":[[0,0],[0,0],[0,0],[0,0]],"o":[[0,0],[0,0],[0,0],[0,0]],"v":[[212,62],[-101.999,62],[-141.188,71.125],[253.25,70.688]],"c":true}],"e":[{"i":[[0,0],[0,0],[0,0],[0,0]],"o":[[0,0],[0,0],[0,0],[0,0]],"v":[[212,-48],[-101.999,-48],[-148.688,71.125],[260.75,70.688]],"c":true}]},{"i":{"x":0.34,"y":1},"o":{"x":0.66,"y":0},"n":"0p34_1_0p66_0","t":80,"s":[{"i":[[0,0],[0,0],[0,0],[0,0]],"o":[[0,0],[0,0],[0,0],[0,0]],"v":[[212,-48],[-101.999,-48],[-148.688,71.125],[260.75,70.688]],"c":true}],"e":[{"i":[[0,0],[0,0],[0,0],[0,0]],"o":[[0,0],[0,0],[0,0],[0,0]],"v":[[212,-48],[-101.999,-48],[-148.688,71.125],[260.75,70.688]],"c":true}]},{"i":{"x":0.34,"y":1},"o":{"x":0.66,"y":0},"n":"0p34_1_0p66_0","t":160,"s":[{"i":[[0,0],[0,0],[0,0],[0,0]],"o":[[0,0],[0,0],[0,0],[0,0]],"v":[[212,-48],[-101.999,-48],[-148.688,71.125],[260.75,70.688]],"c":true}],"e":[{"i":[[0,0],[0,0],[0,0],[0,0]],"o":[[0,0],[0,0],[0,0],[0,0]],"v":[[212,62],[-101.999,62],[-141.188,71.125],[253.25,70.688]],"c":true}]},{"t":198}],"ix":2},"nm":"Path 2","mn":"ADBE Vector Shape - Group","hd":false},{"ty":"st","c":{"a":0,"k":[1,1,1,1],"ix":3,"x":"var $bm_rt;\n$bm_rt = thisComp.layer('Control').effect('Outer stroke color')('Color');"},"o":{"a":0,"k":100,"ix":4},"w":{"a":0,"k":10,"ix":5,"x":"var $bm_rt;\n$bm_rt = thisComp.layer('Control').effect('Outer stroke width')('Slider');"},"lc":1,"lj":2,"nm":"Stroke 1","mn":"ADBE Vector Graphic - Stroke","hd":false},{"ty":"tr","p":{"a":0,"k":[-4,0],"ix":2},"a":{"a":0,"k":[0,0],"ix":1},"s":{"a":0,"k":[100,100],"ix":3},"r":{"a":0,"k":0,"ix":6},"o":{"a":0,"k":100,"ix":7},"sk":{"a":0,"k":0,"ix":4},"sa":{"a":0,"k":0,"ix":5},"nm":"Transform"}],"nm":"Shape 1","np":4,"cix":2,"ix":3,"mn":"ADBE Vector Group","hd":false}],"ip":0,"op":505,"st":0,"bm":0},{"ddd":0,"ind":6,"ty":4,"nm":"New Wave 3","sr":1,"ks":{"o":{"a":0,"k":100,"ix":11},"r":{"a":0,"k":0,"ix":10},"p":{"a":0,"k":[700,700,0],"ix":2},"a":{"a":0,"k":[0,20,0],"ix":1},"s":{"a":0,"k":[100,100,100],"ix":6}},"ao":0,"shapes":[{"ty":"gr","it":[{"d":1,"ty":"el","s":{"a":1,"k":[{"i":{"x":[0.833,0.833],"y":[1,1]},"o":{"x":[0.167,0.167],"y":[0,0]},"n":["0p833_1_0p167_0","0p833_1_0p167_0"],"t":340,"s":[570,570],"e":[1400,1400]},{"t":472}],"ix":2},"p":{"a":0,"k":[0,0],"ix":3},"nm":"Ellipse Path 1","mn":"ADBE Vector Shape - Ellipse","hd":false},{"ty":"st","c":{"a":0,"k":[0,0,0,1],"ix":3},"o":{"a":0,"k":100,"ix":4},"w":{"a":1,"k":[{"i":{"x":[0.34],"y":[1]},"o":{"x":[0.167],"y":[0]},"n":["0p34_1_0p167_0"],"t":340,"s":[20],"e":[0]},{"t":472}],"ix":5},"lc":1,"lj":1,"ml":4,"ml2":{"a":0,"k":4,"ix":8},"nm":"Stroke 1","mn":"ADBE Vector Graphic - Stroke","hd":false},{"ty":"tr","p":{"a":0,"k":[2,19.234],"ix":2},"a":{"a":0,"k":[0,0],"ix":1},"s":{"a":0,"k":[100,100],"ix":3},"r":{"a":0,"k":0,"ix":6},"o":{"a":0,"k":100,"ix":7},"sk":{"a":0,"k":0,"ix":4},"sa":{"a":0,"k":0,"ix":5},"nm":"Transform"}],"nm":"Ellipse 1","np":2,"cix":2,"ix":1,"mn":"ADBE Vector Group","hd":false}],"ip":340,"op":474,"st":132,"bm":0},{"ddd":0,"ind":7,"ty":4,"nm":"New Wave 2","sr":1,"ks":{"o":{"a":0,"k":100,"ix":11},"r":{"a":0,"k":0,"ix":10},"p":{"a":0,"k":[700,700,0],"ix":2},"a":{"a":0,"k":[0,20,0],"ix":1},"s":{"a":0,"k":[100,100,100],"ix":6}},"ao":0,"shapes":[{"ty":"gr","it":[{"d":1,"ty":"el","s":{"a":1,"k":[{"i":{"x":[0.833,0.833],"y":[1,1]},"o":{"x":[0.167,0.167],"y":[0,0]},"n":["0p833_1_0p167_0","0p833_1_0p167_0"],"t":274,"s":[570,570],"e":[1400,1400]},{"t":406}],"ix":2},"p":{"a":0,"k":[0,0],"ix":3},"nm":"Ellipse Path 1","mn":"ADBE Vector Shape - Ellipse","hd":false},{"ty":"st","c":{"a":0,"k":[0,0,0,1],"ix":3},"o":{"a":0,"k":100,"ix":4},"w":{"a":1,"k":[{"i":{"x":[0.34],"y":[1]},"o":{"x":[0.167],"y":[0]},"n":["0p34_1_0p167_0"],"t":274,"s":[20],"e":[0]},{"t":406}],"ix":5},"lc":1,"lj":1,"ml":4,"ml2":{"a":0,"k":4,"ix":8},"nm":"Stroke 1","mn":"ADBE Vector Graphic - Stroke","hd":false},{"ty":"tr","p":{"a":0,"k":[2,19.234],"ix":2},"a":{"a":0,"k":[0,0],"ix":1},"s":{"a":0,"k":[100,100],"ix":3},"r":{"a":0,"k":0,"ix":6},"o":{"a":0,"k":100,"ix":7},"sk":{"a":0,"k":0,"ix":4},"sa":{"a":0,"k":0,"ix":5},"nm":"Transform"}],"nm":"Ellipse 1","np":2,"cix":2,"ix":1,"mn":"ADBE Vector Group","hd":false}],"ip":274,"op":408,"st":66,"bm":0},{"ddd":0,"ind":8,"ty":4,"nm":"New Wave","sr":1,"ks":{"o":{"a":0,"k":100,"ix":11},"r":{"a":0,"k":0,"ix":10},"p":{"a":0,"k":[700,700,0],"ix":2},"a":{"a":0,"k":[0,20,0],"ix":1},"s":{"a":0,"k":[100,100,100],"ix":6}},"ao":0,"shapes":[{"ty":"gr","it":[{"d":1,"ty":"el","s":{"a":1,"k":[{"i":{"x":[0.833,0.833],"y":[1,1]},"o":{"x":[0.167,0.167],"y":[0,0]},"n":["0p833_1_0p167_0","0p833_1_0p167_0"],"t":208,"s":[570,570],"e":[1400,1400]},{"t":340}],"ix":2},"p":{"a":0,"k":[0,0],"ix":3},"nm":"Ellipse Path 1","mn":"ADBE Vector Shape - Ellipse","hd":false},{"ty":"st","c":{"a":0,"k":[0,0,0,1],"ix":3},"o":{"a":0,"k":100,"ix":4},"w":{"a":1,"k":[{"i":{"x":[0.34],"y":[1]},"o":{"x":[0.167],"y":[0]},"n":["0p34_1_0p167_0"],"t":208,"s":[20],"e":[0]},{"t":340}],"ix":5},"lc":1,"lj":1,"ml":4,"ml2":{"a":0,"k":4,"ix":8},"nm":"Stroke 1","mn":"ADBE Vector Graphic - Stroke","hd":false},{"ty":"tr","p":{"a":0,"k":[2,19.234],"ix":2},"a":{"a":0,"k":[0,0],"ix":1},"s":{"a":0,"k":[100,100],"ix":3},"r":{"a":0,"k":0,"ix":6},"o":{"a":0,"k":100,"ix":7},"sk":{"a":0,"k":0,"ix":4},"sa":{"a":0,"k":0,"ix":5},"nm":"Transform"}],"nm":"Ellipse 1","np":2,"cix":2,"ix":1,"mn":"ADBE Vector Group","hd":false}],"ip":208,"op":342,"st":0,"bm":0},{"ddd":0,"ind":9,"ty":4,"nm":"BG circle","sr":1,"ks":{"o":{"a":0,"k":100,"ix":11},"r":{"a":0,"k":0,"ix":10},"p":{"a":0,"k":[700,700,0],"ix":2},"a":{"a":0,"k":[0,20,0],"ix":1},"s":{"a":1,"k":[{"i":{"x":[0.34,0.34,0.34],"y":[1,1,1]},"o":{"x":[0.66,0.66,0.66],"y":[0,0,0]},"n":["0p34_1_0p66_0","0p34_1_0p66_0","0p34_1_0p66_0"],"t":16,"s":[0,0,100],"e":[105,105,100]},{"i":{"x":[0.34,0.34,0.34],"y":[1,1,1]},"o":{"x":[0.66,0.66,0.66],"y":[0,0,0]},"n":["0p34_1_0p66_0","0p34_1_0p66_0","0p34_1_0p66_0"],"t":31,"s":[105,105,100],"e":[100,100,100]},{"i":{"x":[0.34,0.34,0.34],"y":[1,1,1]},"o":{"x":[0.167,0.167,0.167],"y":[0,0,0]},"n":["0p34_1_0p167_0","0p34_1_0p167_0","0p34_1_0p167_0"],"t":46,"s":[100,100,100],"e":[100,100,100]},{"i":{"x":[0.58,0.58,0.58],"y":[1,1,1]},"o":{"x":[0.42,0.42,0.42],"y":[0,0,0]},"n":["0p58_1_0p42_0","0p58_1_0p42_0","0p58_1_0p42_0"],"t":180,"s":[100,100,100],"e":[55,55,100]},{"i":{"x":[0.58,0.58,0.58],"y":[1,1,1]},"o":{"x":[0.42,0.42,0.42],"y":[0,0,0]},"n":["0p58_1_0p42_0","0p58_1_0p42_0","0p58_1_0p42_0"],"t":194,"s":[55,55,100],"e":[64,64,100]},{"i":{"x":[0.58,0.58,0.58],"y":[1,1,1]},"o":{"x":[0.167,0.167,0.167],"y":[0,0,0]},"n":["0p58_1_0p167_0","0p58_1_0p167_0","0p58_1_0p167_0"],"t":208,"s":[64,64,100],"e":[64,64,100]},{"i":{"x":[0.34,0.34,0.34],"y":[1,1,1]},"o":{"x":[0.48,0.48,0.48],"y":[-0.055,-0.055,0]},"n":["0p34_1_0p48_-0p055","0p34_1_0p48_-0p055","0p34_1_0p48_0"],"t":472,"s":[64,64,100],"e":[105,105,100]},{"i":{"x":[0.52,0.52,0.52],"y":[0.979,0.979,1]},"o":{"x":[0.66,0.66,0.66],"y":[0,0,0]},"n":["0p52_0p979_0p66_0","0p52_0p979_0p66_0","0p52_1_0p66_0"],"t":486,"s":[105,105,100],"e":[0,0,100]},{"t":500}],"ix":6}},"ao":0,"shapes":[{"ty":"gr","it":[{"d":1,"ty":"el","s":{"a":0,"k":[924.469,924.469],"ix":2},"p":{"a":0,"k":[0,0],"ix":3},"nm":"Ellipse Path 1","mn":"ADBE Vector Shape - Ellipse","hd":false},{"ty":"st","c":{"a":0,"k":[1,1,1,1],"ix":3},"o":{"a":0,"k":100,"ix":4},"w":{"a":0,"k":0,"ix":5},"lc":1,"lj":1,"ml":4,"ml2":{"a":0,"k":4,"ix":8},"nm":"Stroke 1","mn":"ADBE Vector Graphic - Stroke","hd":false},{"ty":"fl","c":{"a":0,"k":[0,0,0,1],"ix":4,"x":"var $bm_rt;\n$bm_rt = thisComp.layer('Control').effect('BG color')('Color');"},"o":{"a":0,"k":100,"ix":5},"r":1,"nm":"Fill 1","mn":"ADBE Vector Graphic - Fill","hd":false},{"ty":"tr","p":{"a":0,"k":[2,19.234],"ix":2},"a":{"a":0,"k":[0,0],"ix":1},"s":{"a":0,"k":[100,100],"ix":3},"r":{"a":0,"k":0,"ix":6},"o":{"a":0,"k":100,"ix":7},"sk":{"a":0,"k":0,"ix":4},"sa":{"a":0,"k":0,"ix":5},"nm":"Transform"}],"nm":"Ellipse 1","np":3,"cix":2,"ix":1,"mn":"ADBE Vector Group","hd":false}],"ip":0,"op":505,"st":0,"bm":0}]}],"layers":[{"ddd":0,"ind":1,"ty":0,"nm":"black new","refId":"comp_0","sr":1,"ks":{"o":{"a":0,"k":100,"ix":11},"r":{"a":0,"k":0,"ix":10},"p":{"a":0,"k":[400,400,0],"ix":2},"a":{"a":0,"k":[700,700,0],"ix":1},"s":{"a":0,"k":[40,40,100],"ix":6}},"ao":0,"w":1400,"h":1400,"ip":0,"op":505,"st":0,"bm":0}],"markers":[]}