{"v":"5.3.1","fr":60,"ip":0,"op":161,"w":800,"h":800,"nm":"Camera_Preview","ddd":0,"assets":[{"id":"comp_0","layers":[{"ddd":0,"ind":1,"ty":4,"nm":"Line","sr":1,"ks":{"o":{"a":0,"k":100,"ix":11},"r":{"a":0,"k":0,"ix":10},"p":{"a":0,"k":[75,75,0],"ix":2},"a":{"a":0,"k":[0,0,0],"ix":1},"s":{"a":0,"k":[100,100,100],"ix":6}},"ao":0,"shapes":[{"ty":"gr","it":[{"ty":"rc","d":1,"s":{"a":1,"k":[{"i":{"x":[0.833,0.833],"y":[0.833,0.833]},"o":{"x":[0.167,0.167],"y":[0.167,0.167]},"n":["0p833_0p833_0p167_0p167","0p833_0p833_0p167_0p167"],"t":24,"s":[95.039,16.752],"e":[95.039,1.752]},{"t":29}],"ix":2},"p":{"a":1,"k":[{"i":{"x":0.833,"y":0.833},"o":{"x":0.167,"y":0.167},"n":"0p833_0p833_0p167_0p167","t":24,"s":[0,0],"e":[0,9],"to":[0,0],"ti":[0,0]},{"t":29}],"ix":3},"r":{"a":0,"k":9.1,"ix":4},"nm":"Rectangle Path 1","mn":"ADBE Vector Shape - Rect","hd":false},{"ty":"fl","c":{"a":0,"k":[1,1,1,1],"ix":4},"o":{"a":0,"k":100,"ix":5},"r":1,"nm":"Fill 1","mn":"ADBE Vector Graphic - Fill","hd":false},{"ty":"tr","p":{"a":0,"k":[0.02,26.126],"ix":2},"a":{"a":0,"k":[0,0],"ix":1},"s":{"a":0,"k":[100,100],"ix":3},"r":{"a":0,"k":0,"ix":6},"o":{"a":0,"k":100,"ix":7},"sk":{"a":0,"k":0,"ix":4},"sa":{"a":0,"k":0,"ix":5},"nm":"Transform"}],"nm":"Rectangle 1","np":2,"cix":2,"ix":1,"mn":"ADBE Vector Group","hd":false}],"ip":25,"op":29,"st":9,"bm":0},{"ddd":0,"ind":2,"ty":4,"nm":"Camera","sr":1,"ks":{"o":{"a":0,"k":100,"ix":11},"r":{"a":0,"k":0,"ix":10},"p":{"a":0,"k":[75,75,0],"ix":2},"a":{"a":0,"k":[75,75,0],"ix":1},"s":{"a":0,"k":[100,100,100],"ix":6}},"ao":0,"shapes":[{"ty":"gr","it":[{"ind":0,"ty":"sh","ix":1,"ks":{"a":1,"k":[{"i":{"x":0,"y":1},"o":{"x":0.167,"y":0},"n":"0_1_0p167_0","t":2,"s":[{"i":[[0,0],[0,0],[0,0],[0,0]],"o":[[0,0],[0,0],[0,0],[0,0]],"v":[[32.176,-29.836],[15.016,-29.836],[15.016,-36.857],[32.176,-36.857]],"c":true}],"e":[{"i":[[0,0],[0,0],[0,0],[0,0]],"o":[[0,0],[0,0],[0,0],[0,0]],"v":[[32.176,-34.836],[15.016,-34.836],[15.016,-41.857],[32.176,-41.857]],"c":true}]},{"i":{"x":0.833,"y":0.833},"o":{"x":1,"y":0},"n":"0p833_0p833_1_0","t":12,"s":[{"i":[[0,0],[0,0],[0,0],[0,0]],"o":[[0,0],[0,0],[0,0],[0,0]],"v":[[32.176,-34.836],[15.016,-34.836],[15.016,-41.857],[32.176,-41.857]],"c":true}],"e":[{"i":[[0,0],[0,0],[0,0],[0,0]],"o":[[0,0],[0,0],[0,0],[0,0]],"v":[[32.179,17.997],[15.019,17.997],[15.031,17.143],[32.191,17.143]],"c":true}]},{"t":24}],"ix":2},"nm":"Path 1","mn":"ADBE Vector Shape - Group","hd":false},{"ind":1,"ty":"sh","ix":2,"ks":{"a":1,"k":[{"i":{"x":0,"y":1},"o":{"x":0.167,"y":0},"n":"0_1_0p167_0","t":2,"s":[{"i":[[0,-7.021],[7.02,0],[0,7.02],[-7.15,0]],"o":[[0,7.02],[-7.15,0],[0,-7.021],[7.02,0]],"v":[[12.806,9.426],[0.065,22.166],[-12.806,9.426],[0.065,-3.446]],"c":true}],"e":[{"i":[[0,-7.021],[7.02,0],[0,7.02],[-7.15,0]],"o":[[0,7.02],[-7.15,0],[0,-7.021],[7.02,0]],"v":[[12.806,4.426],[0.065,17.166],[-12.806,4.426],[0.065,-8.446]],"c":true}]},{"i":{"x":0.833,"y":0.833},"o":{"x":1,"y":0},"n":"0p833_0p833_1_0","t":12,"s":[{"i":[[0,-7.021],[7.02,0],[0,7.02],[-7.15,0]],"o":[[0,7.02],[-7.15,0],[0,-7.021],[7.02,0]],"v":[[12.806,4.426],[0.065,17.166],[-12.806,4.426],[0.065,-8.446]],"c":true}],"e":[{"i":[[0,-0.481],[0.481,0],[0,0.481],[-0.49,0]],"o":[[0,0.481],[-0.49,0],[0,-0.481],[0.481,0]],"v":[[0.882,26.141],[0.009,27.014],[-0.873,26.141],[0.009,25.259]],"c":true}]},{"t":24}],"ix":2},"nm":"Path 2","mn":"ADBE Vector Shape - Group","hd":false},{"ind":2,"ty":"sh","ix":3,"ks":{"a":1,"k":[{"i":{"x":0,"y":1},"o":{"x":0.167,"y":0},"n":"0_1_0p167_0","t":2,"s":[{"i":[[0,11.31],[11.18,0],[0,-11.311],[-11.31,0]],"o":[[0,-11.311],[-11.31,0],[0,11.31],[11.18,0]],"v":[[20.476,9.426],[0.065,-11.115],[-20.476,9.426],[0.065,29.836]],"c":true}],"e":[{"i":[[0,11.31],[11.18,0],[0,-11.311],[-11.31,0]],"o":[[0,-11.311],[-11.31,0],[0,11.31],[11.18,0]],"v":[[20.476,4.426],[0.065,-16.115],[-20.476,4.426],[0.065,24.836]],"c":true}]},{"i":{"x":0.833,"y":0.833},"o":{"x":1,"y":0},"n":"0p833_0p833_1_0","t":12,"s":[{"i":[[0,11.31],[11.18,0],[0,-11.311],[-11.31,0]],"o":[[0,-11.311],[-11.31,0],[0,11.31],[11.18,0]],"v":[[20.476,4.426],[0.065,-16.115],[-20.476,4.426],[0.065,24.836]],"c":true}],"e":[{"i":[[0,0.775],[0.766,0],[0,-0.775],[-0.775,0]],"o":[[0,-0.775],[-0.775,0],[0,0.775],[0.766,0]],"v":[[1.408,26.141],[0.009,24.734],[-1.398,26.141],[0.009,27.54]],"c":true}]},{"t":24}],"ix":2},"nm":"Path 3","mn":"ADBE Vector Shape - Group","hd":false},{"ind":3,"ty":"sh","ix":4,"ks":{"a":1,"k":[{"i":{"x":0,"y":1},"o":{"x":0.167,"y":0},"n":"0_1_0p167_0","t":2,"s":[{"i":[[0,0],[2.21,0],[0,0],[0,-2.21],[0,0],[0,0],[-7.41,0],[-4.42,-5.201],[0,0]],"o":[[0,-2.21],[0,0],[-2.21,0],[0,0],[0,0],[4.549,-5.201],[7.281,0],[0,0],[0,0]],"v":[[41.927,-18.656],[37.896,-22.686],[-37.896,-22.686],[-41.927,-18.656],[-41.927,-6.176],[-18.525,-6.305],[0.065,-14.886],[18.525,-6.305],[41.927,-6.305]],"c":true}],"e":[{"i":[[0,0],[2.21,0],[0,0],[0,-2.21],[0,0],[0,0],[-7.41,0],[-4.42,-5.201],[0,0]],"o":[[0,-2.21],[0,0],[-2.21,0],[0,0],[0,0],[4.549,-5.201],[7.281,0],[0,0],[0,0]],"v":[[41.927,-23.656],[37.896,-27.686],[-37.896,-27.686],[-41.927,-23.656],[-41.927,-11.176],[-18.525,-11.305],[0.065,-19.886],[18.525,-11.305],[41.927,-11.305]],"c":true}]},{"i":{"x":0.833,"y":0.833},"o":{"x":1,"y":0},"n":"0p833_0p833_1_0","t":12,"s":[{"i":[[0,0],[2.21,0],[0,0],[0,-2.21],[0,0],[0,0],[-7.41,0],[-4.42,-5.201],[0,0]],"o":[[0,-2.21],[0,0],[-2.21,0],[0,0],[0,0],[4.549,-5.201],[7.281,0],[0,0],[0,0]],"v":[[41.927,-23.656],[37.896,-27.686],[-37.896,-27.686],[-41.927,-23.656],[-41.927,-11.176],[-18.525,-11.305],[0.065,-19.886],[18.525,-11.305],[41.927,-11.305]],"c":true}],"e":[{"i":[[0,0],[2.21,0],[0,0],[0,-2.21],[0,0],[0,0],[-7.41,0],[-4.42,-5.201],[0,0]],"o":[[0,-2.21],[0,0],[-2.21,0],[0,0],[0,0],[4.549,-5.201],[7.281,0],[0,0],[0,0]],"v":[[41.823,27.677],[37.792,23.647],[-38,23.647],[-42.031,27.677],[-42.062,32.824],[-18.66,32.695],[-0.07,24.114],[18.39,32.695],[41.792,32.695]],"c":true}]},{"t":24}],"ix":2},"nm":"Path 4","mn":"ADBE Vector Shape - Group","hd":false},{"ind":4,"ty":"sh","ix":5,"ks":{"a":1,"k":[{"i":{"x":0,"y":1},"o":{"x":0.167,"y":0},"n":"0_1_0p167_0","t":2,"s":[{"i":[[0,-4.42],[0,0],[4.42,0],[0,0],[0,4.421],[0,0],[-4.29,0],[0,0],[0,0],[0,0],[0,0],[0,0]],"o":[[0,0],[0,4.421],[0,0],[-4.29,0],[0,0],[0,-4.42],[0,0],[0,0],[0,0],[0,0],[0,0],[4.42,0]],"v":[[47.387,-20.216],[47.387,28.926],[39.457,36.857],[-39.456,36.857],[-47.387,28.926],[-47.387,-20.216],[-39.456,-28.146],[-32.046,-28.146],[-32.046,-33.996],[-23.726,-33.996],[-23.726,-28.146],[39.457,-28.146]],"c":true}],"e":[{"i":[[0,-4.42],[0,0],[4.42,0],[0,0],[0,4.421],[0,0],[-4.29,0],[0,0],[0,0],[0,0],[0,0],[0,0]],"o":[[0,0],[0,4.421],[0,0],[-4.29,0],[0,0],[0,-4.42],[0,0],[0,0],[0,0],[0,0],[0,0],[4.42,0]],"v":[[47.387,-25.216],[47.387,28.926],[39.457,36.857],[-39.456,36.857],[-47.387,28.926],[-47.387,-25.216],[-39.456,-33.146],[-32.046,-33.146],[-32.046,-38.996],[-23.726,-38.996],[-23.726,-33.146],[39.457,-33.146]],"c":true}]},{"i":{"x":0.833,"y":0.833},"o":{"x":1,"y":0},"n":"0p833_0p833_1_0","t":12,"s":[{"i":[[0,-4.42],[0,0],[4.42,0],[0,0],[0,4.421],[0,0],[-4.29,0],[0,0],[0,0],[0,0],[0,0],[0,0]],"o":[[0,0],[0,4.421],[0,0],[-4.29,0],[0,0],[0,-4.42],[0,0],[0,0],[0,0],[0,0],[0,0],[4.42,0]],"v":[[47.387,-25.216],[47.387,28.926],[39.457,36.857],[-39.456,36.857],[-47.387,28.926],[-47.387,-25.216],[-39.456,-33.146],[-32.046,-33.146],[-32.046,-38.996],[-23.726,-38.996],[-23.726,-33.146],[39.457,-33.146]],"c":true}],"e":[{"i":[[0,-4.42],[0,0],[4.42,0],[0,0],[0,4.421],[0,0],[-4.29,0],[0,0],[0,0],[0,0],[0,0],[0,0]],"o":[[0,0],[0,4.421],[0,0],[-4.29,0],[0,0],[0,-4.42],[0,0],[0,0],[0,0],[0,0],[0,0],[4.42,0]],"v":[[47.39,27.617],[47.387,28.926],[39.457,36.857],[-39.456,36.857],[-47.387,28.926],[-47.384,27.617],[-39.453,19.687],[-32.043,19.687],[-32.1,19.004],[-23.78,19.004],[-23.723,19.687],[39.46,19.687]],"c":true}]},{"t":24}],"ix":2},"nm":"Path 5","mn":"ADBE Vector Shape - Group","hd":false},{"ty":"fl","c":{"a":0,"k":[1,1,1,1],"ix":4},"o":{"a":0,"k":100,"ix":5},"r":1,"nm":"Fill 1","mn":"ADBE Vector Graphic - Fill","hd":false},{"ty":"tr","p":{"a":0,"k":[75,72.984],"ix":2},"a":{"a":0,"k":[0,0],"ix":1},"s":{"a":0,"k":[100,100],"ix":3},"r":{"a":0,"k":0,"ix":6},"o":{"a":0,"k":100,"ix":7},"sk":{"a":0,"k":0,"ix":4},"sa":{"a":0,"k":0,"ix":5},"nm":"Transform"}],"nm":"Group 1","np":6,"cix":2,"ix":1,"mn":"ADBE Vector Group","hd":false}],"ip":0,"op":25,"st":-211,"bm":0}]},{"id":"comp_1","layers":[{"ddd":0,"ind":1,"ty":4,"nm":"Splash","sr":1,"ks":{"o":{"a":0,"k":100,"ix":11},"r":{"a":0,"k":0,"ix":10},"p":{"a":0,"k":[98.542,43.958,0],"ix":2},"a":{"a":0,"k":[0,0,0],"ix":1},"s":{"a":0,"k":[100,100,100],"ix":6}},"ao":0,"shapes":[{"ty":"gr","it":[{"ind":0,"ty":"sh","ix":1,"ks":{"a":0,"k":{"i":[[0,0],[0,0]],"o":[[0,0],[0,0]],"v":[[0.011,-30.399],[0.011,-1.649]],"c":false},"ix":2},"nm":"Path 1","mn":"ADBE Vector Shape - Group","hd":false},{"ty":"tr","p":{"a":0,"k":[0,0],"ix":2},"a":{"a":0,"k":[0,0],"ix":1},"s":{"a":0,"k":[100,100],"ix":3},"r":{"a":0,"k":-40,"ix":6},"o":{"a":0,"k":100,"ix":7},"sk":{"a":0,"k":0,"ix":4},"sa":{"a":0,"k":0,"ix":5},"nm":"Transform"}],"nm":"Shape 3","np":1,"cix":2,"ix":1,"mn":"ADBE Vector Group","hd":false},{"ty":"gr","it":[{"ind":0,"ty":"sh","ix":1,"ks":{"a":0,"k":{"i":[[0,0],[0,0]],"o":[[0,0],[0,0]],"v":[[0.011,-30.399],[0.011,-1.649]],"c":false},"ix":2},"nm":"Path 1","mn":"ADBE Vector Shape - Group","hd":false},{"ty":"tr","p":{"a":0,"k":[0,0],"ix":2},"a":{"a":0,"k":[0,0],"ix":1},"s":{"a":0,"k":[100,100],"ix":3},"r":{"a":0,"k":0,"ix":6},"o":{"a":0,"k":100,"ix":7},"sk":{"a":0,"k":0,"ix":4},"sa":{"a":0,"k":0,"ix":5},"nm":"Transform"}],"nm":"Shape 2","np":1,"cix":2,"ix":2,"mn":"ADBE Vector Group","hd":false},{"ty":"gr","it":[{"ind":0,"ty":"sh","ix":1,"ks":{"a":0,"k":{"i":[[0,0],[0,0]],"o":[[0,0],[0,0]],"v":[[0.011,-30.399],[0.011,-1.649]],"c":false},"ix":2},"nm":"Path 1","mn":"ADBE Vector Shape - Group","hd":false},{"ty":"tr","p":{"a":0,"k":[0,0],"ix":2},"a":{"a":0,"k":[0,0],"ix":1},"s":{"a":0,"k":[100,100],"ix":3},"r":{"a":0,"k":40,"ix":6},"o":{"a":0,"k":100,"ix":7},"sk":{"a":0,"k":0,"ix":4},"sa":{"a":0,"k":0,"ix":5},"nm":"Transform"}],"nm":"Shape 1","np":1,"cix":2,"ix":3,"mn":"ADBE Vector Group","hd":false},{"ty":"tm","s":{"a":1,"k":[{"i":{"x":[0.19],"y":[1]},"o":{"x":[0.167],"y":[0.167]},"n":["0p19_1_0p167_0p167"],"t":11,"s":[50.66],"e":[0]},{"t":32}],"ix":1},"e":{"a":1,"k":[{"i":{"x":[0.19],"y":[1]},"o":{"x":[0.485],"y":[0]},"n":["0p19_1_0p485_0"],"t":11,"s":[56.2],"e":[0.01]},{"t":32}],"ix":2},"o":{"a":0,"k":0,"ix":3},"m":1,"ix":4,"nm":"Trim Paths 1","mn":"ADBE Vector Filter - Trim","hd":false},{"ty":"st","c":{"a":0,"k":[1,1,1,1],"ix":3},"o":{"a":0,"k":100,"ix":4},"w":{"a":1,"k":[{"i":{"x":[0.833],"y":[0.833]},"o":{"x":[0.59],"y":[0]},"n":["0p833_0p833_0p59_0"],"t":9,"s":[0],"e":[4.9]},{"i":{"x":[0.833],"y":[0.833]},"o":{"x":[0.167],"y":[0.167]},"n":["0p833_0p833_0p167_0p167"],"t":12,"s":[4.9],"e":[4.9]},{"i":{"x":[0.833],"y":[0.833]},"o":{"x":[0.167],"y":[0.167]},"n":["0p833_0p833_0p167_0p167"],"t":32,"s":[4.9],"e":[0]},{"t":36}],"ix":5},"lc":2,"lj":2,"nm":"Stroke 1","mn":"ADBE Vector Graphic - Stroke","hd":false}],"ip":9,"op":37,"st":-18,"bm":0},{"ddd":0,"ind":2,"ty":4,"nm":"Camera","sr":1,"ks":{"o":{"a":0,"k":100,"ix":11},"r":{"a":0,"k":0,"ix":10},"p":{"a":0,"k":[75,75,0],"ix":2},"a":{"a":0,"k":[75,75,0],"ix":1},"s":{"a":0,"k":[100,100,100],"ix":6}},"ao":0,"shapes":[{"ty":"gr","it":[{"ind":0,"ty":"sh","ix":1,"ks":{"a":1,"k":[{"i":{"x":0.14,"y":1},"o":{"x":0.86,"y":0},"n":"0p14_1_0p86_0","t":7,"s":[{"i":[[0,0],[0,0],[0,0],[0,0]],"o":[[0,0],[0,0],[0,0],[0,0]],"v":[[32.176,-29.836],[15.016,-29.836],[15.016,-36.857],[32.176,-36.857]],"c":true}],"e":[{"i":[[0,0],[0,0],[0,0],[0,0]],"o":[[0,0],[0,0],[0,0],[0,0]],"v":[[32.176,-29.836],[15.016,-29.836],[15.032,-32.286],[32.192,-32.286]],"c":true}]},{"i":{"x":0.14,"y":1},"o":{"x":0.86,"y":0},"n":"0p14_1_0p86_0","t":17,"s":[{"i":[[0,0],[0,0],[0,0],[0,0]],"o":[[0,0],[0,0],[0,0],[0,0]],"v":[[32.176,-29.836],[15.016,-29.836],[15.032,-32.286],[32.192,-32.286]],"c":true}],"e":[{"i":[[0,0],[0,0],[0,0],[0,0]],"o":[[0,0],[0,0],[0,0],[0,0]],"v":[[32.176,-29.836],[15.016,-29.836],[15.016,-36.857],[32.176,-36.857]],"c":true}]},{"t":27}],"ix":2},"nm":"Path 1","mn":"ADBE Vector Shape - Group","hd":false},{"ind":1,"ty":"sh","ix":2,"ks":{"a":0,"k":{"i":[[0,-7.021],[7.02,0],[0,7.02],[-7.15,0]],"o":[[0,7.02],[-7.15,0],[0,-7.021],[7.02,0]],"v":[[12.806,9.426],[0.065,22.166],[-12.806,9.426],[0.065,-3.446]],"c":true},"ix":2},"nm":"Path 2","mn":"ADBE Vector Shape - Group","hd":false},{"ind":2,"ty":"sh","ix":3,"ks":{"a":0,"k":{"i":[[0,11.31],[11.18,0],[0,-11.311],[-11.31,0]],"o":[[0,-11.311],[-11.31,0],[0,11.31],[11.18,0]],"v":[[20.476,9.426],[0.065,-11.115],[-20.476,9.426],[0.065,29.836]],"c":true},"ix":2},"nm":"Path 3","mn":"ADBE Vector Shape - Group","hd":false},{"ind":3,"ty":"sh","ix":4,"ks":{"a":0,"k":{"i":[[0,0],[2.21,0],[0,0],[0,-2.21],[0,0],[0,0],[-7.41,0],[-4.42,-5.201],[0,0]],"o":[[0,-2.21],[0,0],[-2.21,0],[0,0],[0,0],[4.549,-5.201],[7.281,0],[0,0],[0,0]],"v":[[41.927,-18.656],[37.896,-22.686],[-37.896,-22.686],[-41.927,-18.656],[-41.927,-6.176],[-18.525,-6.305],[0.065,-14.886],[18.525,-6.305],[41.927,-6.305]],"c":true},"ix":2},"nm":"Path 4","mn":"ADBE Vector Shape - Group","hd":false},{"ind":4,"ty":"sh","ix":5,"ks":{"a":0,"k":{"i":[[0,-4.42],[0,0],[4.42,0],[0,0],[0,4.421],[0,0],[-4.29,0],[0,0],[0,0],[0,0],[0,0],[0,0]],"o":[[0,0],[0,4.421],[0,0],[-4.29,0],[0,0],[0,-4.42],[0,0],[0,0],[0,0],[0,0],[0,0],[4.42,0]],"v":[[47.387,-20.216],[47.387,28.926],[39.457,36.857],[-39.456,36.857],[-47.387,28.926],[-47.387,-20.216],[-39.456,-28.146],[-32.046,-28.146],[-32.046,-33.996],[-23.726,-33.996],[-23.726,-28.146],[39.457,-28.146]],"c":true},"ix":2},"nm":"Path 5","mn":"ADBE Vector Shape - Group","hd":false},{"ty":"fl","c":{"a":0,"k":[1,1,1,1],"ix":4},"o":{"a":0,"k":100,"ix":5},"r":1,"nm":"Fill 1","mn":"ADBE Vector Graphic - Fill","hd":false},{"ty":"tr","p":{"a":0,"k":[75,72.984],"ix":2},"a":{"a":0,"k":[0,0],"ix":1},"s":{"a":0,"k":[100,100],"ix":3},"r":{"a":0,"k":0,"ix":6},"o":{"a":0,"k":100,"ix":7},"sk":{"a":0,"k":0,"ix":4},"sa":{"a":0,"k":0,"ix":5},"nm":"Transform"}],"nm":"Group 1","np":6,"cix":2,"ix":1,"mn":"ADBE Vector Group","hd":false}],"ip":0,"op":41,"st":-59,"bm":0}]},{"id":"comp_2","layers":[{"ddd":0,"ind":1,"ty":4,"nm":"Line","sr":1,"ks":{"o":{"a":0,"k":100,"ix":11},"r":{"a":0,"k":0,"ix":10},"p":{"a":0,"k":[75,75,0],"ix":2},"a":{"a":0,"k":[0,0,0],"ix":1},"s":{"a":0,"k":[100,100,100],"ix":6}},"ao":0,"shapes":[{"ty":"gr","it":[{"ty":"rc","d":1,"s":{"a":1,"k":[{"i":{"x":[0.833,0.833],"y":[0.833,0.833]},"o":{"x":[0.167,0.167],"y":[0.167,0.167]},"n":["0p833_0p833_0p167_0p167","0p833_0p833_0p167_0p167"],"t":2,"s":[95.039,1.752],"e":[95.039,16.752]},{"t":7}],"ix":2},"p":{"a":1,"k":[{"i":{"x":0.833,"y":0.833},"o":{"x":0.167,"y":0.167},"n":"0p833_0p833_0p167_0p167","t":2,"s":[0,9],"e":[0,0],"to":[0,0],"ti":[0,0]},{"t":7}],"ix":3},"r":{"a":0,"k":9.1,"ix":4},"nm":"Rectangle Path 1","mn":"ADBE Vector Shape - Rect","hd":false},{"ty":"fl","c":{"a":0,"k":[1,1,1,1],"ix":4},"o":{"a":0,"k":100,"ix":5},"r":1,"nm":"Fill 1","mn":"ADBE Vector Graphic - Fill","hd":false},{"ty":"tr","p":{"a":0,"k":[0.02,26.126],"ix":2},"a":{"a":0,"k":[0,0],"ix":1},"s":{"a":0,"k":[100,100],"ix":3},"r":{"a":0,"k":0,"ix":6},"o":{"a":0,"k":100,"ix":7},"sk":{"a":0,"k":0,"ix":4},"sa":{"a":0,"k":0,"ix":5},"nm":"Transform"}],"nm":"Rectangle 1","np":2,"cix":2,"ix":1,"mn":"ADBE Vector Group","hd":false}],"ip":2,"op":7,"st":-13,"bm":0},{"ddd":0,"ind":2,"ty":4,"nm":"Splash","sr":1,"ks":{"o":{"a":0,"k":100,"ix":11},"r":{"a":0,"k":0,"ix":10},"p":{"a":0,"k":[98.542,43.958,0],"ix":2},"a":{"a":0,"k":[0,0,0],"ix":1},"s":{"a":0,"k":[100,100,100],"ix":6}},"ao":0,"shapes":[{"ty":"gr","it":[{"ind":0,"ty":"sh","ix":1,"ks":{"a":0,"k":{"i":[[0,0],[0,0]],"o":[[0,0],[0,0]],"v":[[0.011,-30.399],[0.011,-1.649]],"c":false},"ix":2},"nm":"Path 1","mn":"ADBE Vector Shape - Group","hd":false},{"ty":"tr","p":{"a":0,"k":[0,0],"ix":2},"a":{"a":0,"k":[0,0],"ix":1},"s":{"a":0,"k":[100,100],"ix":3},"r":{"a":0,"k":-40,"ix":6},"o":{"a":0,"k":100,"ix":7},"sk":{"a":0,"k":0,"ix":4},"sa":{"a":0,"k":0,"ix":5},"nm":"Transform"}],"nm":"Shape 3","np":1,"cix":2,"ix":1,"mn":"ADBE Vector Group","hd":false},{"ty":"gr","it":[{"ind":0,"ty":"sh","ix":1,"ks":{"a":0,"k":{"i":[[0,0],[0,0]],"o":[[0,0],[0,0]],"v":[[0.011,-30.399],[0.011,-1.649]],"c":false},"ix":2},"nm":"Path 1","mn":"ADBE Vector Shape - Group","hd":false},{"ty":"tr","p":{"a":0,"k":[0,0],"ix":2},"a":{"a":0,"k":[0,0],"ix":1},"s":{"a":0,"k":[100,100],"ix":3},"r":{"a":0,"k":0,"ix":6},"o":{"a":0,"k":100,"ix":7},"sk":{"a":0,"k":0,"ix":4},"sa":{"a":0,"k":0,"ix":5},"nm":"Transform"}],"nm":"Shape 2","np":1,"cix":2,"ix":2,"mn":"ADBE Vector Group","hd":false},{"ty":"gr","it":[{"ind":0,"ty":"sh","ix":1,"ks":{"a":0,"k":{"i":[[0,0],[0,0]],"o":[[0,0],[0,0]],"v":[[0.011,-30.399],[0.011,-1.649]],"c":false},"ix":2},"nm":"Path 1","mn":"ADBE Vector Shape - Group","hd":false},{"ty":"tr","p":{"a":0,"k":[0,0],"ix":2},"a":{"a":0,"k":[0,0],"ix":1},"s":{"a":0,"k":[100,100],"ix":3},"r":{"a":0,"k":40,"ix":6},"o":{"a":0,"k":100,"ix":7},"sk":{"a":0,"k":0,"ix":4},"sa":{"a":0,"k":0,"ix":5},"nm":"Transform"}],"nm":"Shape 1","np":1,"cix":2,"ix":3,"mn":"ADBE Vector Group","hd":false},{"ty":"tm","s":{"a":1,"k":[{"i":{"x":[0.19],"y":[1]},"o":{"x":[0.167],"y":[0.167]},"n":["0p19_1_0p167_0p167"],"t":57,"s":[50.66],"e":[0]},{"t":78}],"ix":1},"e":{"a":1,"k":[{"i":{"x":[0.19],"y":[1]},"o":{"x":[0.485],"y":[0]},"n":["0p19_1_0p485_0"],"t":57,"s":[56.2],"e":[0.01]},{"t":78}],"ix":2},"o":{"a":0,"k":0,"ix":3},"m":1,"ix":4,"nm":"Trim Paths 1","mn":"ADBE Vector Filter - Trim","hd":false},{"ty":"st","c":{"a":0,"k":[1,1,1,1],"ix":3},"o":{"a":0,"k":100,"ix":4},"w":{"a":1,"k":[{"i":{"x":[0.833],"y":[0.833]},"o":{"x":[0.59],"y":[0]},"n":["0p833_0p833_0p59_0"],"t":55,"s":[0],"e":[4.9]},{"i":{"x":[0.833],"y":[0.833]},"o":{"x":[0.167],"y":[0.167]},"n":["0p833_0p833_0p167_0p167"],"t":58,"s":[4.9],"e":[4.9]},{"i":{"x":[0.833],"y":[0.833]},"o":{"x":[0.167],"y":[0.167]},"n":["0p833_0p833_0p167_0p167"],"t":78,"s":[4.9],"e":[0]},{"t":82}],"ix":5},"lc":2,"lj":2,"nm":"Stroke 1","mn":"ADBE Vector Graphic - Stroke","hd":false}],"ip":55,"op":83,"st":28,"bm":0},{"ddd":0,"ind":3,"ty":4,"nm":"Camera","sr":1,"ks":{"o":{"a":0,"k":100,"ix":11},"r":{"a":0,"k":0,"ix":10},"p":{"a":0,"k":[75,75,0],"ix":2},"a":{"a":0,"k":[75,75,0],"ix":1},"s":{"a":0,"k":[100,100,100],"ix":6}},"ao":0,"shapes":[{"ty":"gr","it":[{"ind":0,"ty":"sh","ix":1,"ks":{"a":1,"k":[{"i":{"x":0.667,"y":1},"o":{"x":0.167,"y":0.167},"n":"0p667_1_0p167_0p167","t":7,"s":[{"i":[[0,0],[0,0],[0,0],[0,0]],"o":[[0,0],[0,0],[0,0],[0,0]],"v":[[32.179,17.997],[15.019,17.997],[15.031,17.143],[32.191,17.143]],"c":true}],"e":[{"i":[[0,0],[0,0],[0,0],[0,0]],"o":[[0,0],[0,0],[0,0],[0,0]],"v":[[32.176,-34.836],[15.016,-34.836],[15.016,-41.857],[32.176,-41.857]],"c":true}]},{"i":{"x":0.667,"y":1},"o":{"x":0.333,"y":0},"n":"0p667_1_0p333_0","t":18,"s":[{"i":[[0,0],[0,0],[0,0],[0,0]],"o":[[0,0],[0,0],[0,0],[0,0]],"v":[[32.176,-34.836],[15.016,-34.836],[15.016,-41.857],[32.176,-41.857]],"c":true}],"e":[{"i":[[0,0],[0,0],[0,0],[0,0]],"o":[[0,0],[0,0],[0,0],[0,0]],"v":[[32.176,-29.836],[15.016,-29.836],[15.016,-36.857],[32.176,-36.857]],"c":true}]},{"i":{"x":0.14,"y":1},"o":{"x":0.167,"y":0},"n":"0p14_1_0p167_0","t":33,"s":[{"i":[[0,0],[0,0],[0,0],[0,0]],"o":[[0,0],[0,0],[0,0],[0,0]],"v":[[32.176,-29.836],[15.016,-29.836],[15.016,-36.857],[32.176,-36.857]],"c":true}],"e":[{"i":[[0,0],[0,0],[0,0],[0,0]],"o":[[0,0],[0,0],[0,0],[0,0]],"v":[[32.176,-29.836],[15.016,-29.836],[15.016,-36.857],[32.176,-36.857]],"c":true}]},{"i":{"x":0.14,"y":1},"o":{"x":0.86,"y":0},"n":"0p14_1_0p86_0","t":53,"s":[{"i":[[0,0],[0,0],[0,0],[0,0]],"o":[[0,0],[0,0],[0,0],[0,0]],"v":[[32.176,-29.836],[15.016,-29.836],[15.016,-36.857],[32.176,-36.857]],"c":true}],"e":[{"i":[[0,0],[0,0],[0,0],[0,0]],"o":[[0,0],[0,0],[0,0],[0,0]],"v":[[32.176,-29.836],[15.016,-29.836],[15.032,-32.286],[32.192,-32.286]],"c":true}]},{"i":{"x":0.14,"y":1},"o":{"x":0.86,"y":0},"n":"0p14_1_0p86_0","t":63,"s":[{"i":[[0,0],[0,0],[0,0],[0,0]],"o":[[0,0],[0,0],[0,0],[0,0]],"v":[[32.176,-29.836],[15.016,-29.836],[15.032,-32.286],[32.192,-32.286]],"c":true}],"e":[{"i":[[0,0],[0,0],[0,0],[0,0]],"o":[[0,0],[0,0],[0,0],[0,0]],"v":[[32.176,-29.836],[15.016,-29.836],[15.016,-36.857],[32.176,-36.857]],"c":true}]},{"t":73}],"ix":2},"nm":"Path 1","mn":"ADBE Vector Shape - Group","hd":false},{"ind":1,"ty":"sh","ix":2,"ks":{"a":1,"k":[{"i":{"x":0.667,"y":1},"o":{"x":0.167,"y":0.167},"n":"0p667_1_0p167_0p167","t":7,"s":[{"i":[[0,-0.481],[0.481,0],[0,0.481],[-0.49,0]],"o":[[0,0.481],[-0.49,0],[0,-0.481],[0.481,0]],"v":[[0.882,26.141],[0.009,27.014],[-0.873,26.141],[0.009,25.259]],"c":true}],"e":[{"i":[[0,-7.021],[7.02,0],[0,7.02],[-7.15,0]],"o":[[0,7.02],[-7.15,0],[0,-7.021],[7.02,0]],"v":[[12.806,4.426],[0.065,17.166],[-12.806,4.426],[0.065,-8.446]],"c":true}]},{"i":{"x":0.667,"y":1},"o":{"x":0.333,"y":0},"n":"0p667_1_0p333_0","t":18,"s":[{"i":[[0,-7.021],[7.02,0],[0,7.02],[-7.15,0]],"o":[[0,7.02],[-7.15,0],[0,-7.021],[7.02,0]],"v":[[12.806,4.426],[0.065,17.166],[-12.806,4.426],[0.065,-8.446]],"c":true}],"e":[{"i":[[0,-7.021],[7.02,0],[0,7.02],[-7.15,0]],"o":[[0,7.02],[-7.15,0],[0,-7.021],[7.02,0]],"v":[[12.806,9.426],[0.065,22.166],[-12.806,9.426],[0.065,-3.446]],"c":true}]},{"t":33}],"ix":2},"nm":"Path 2","mn":"ADBE Vector Shape - Group","hd":false},{"ind":2,"ty":"sh","ix":3,"ks":{"a":1,"k":[{"i":{"x":0.667,"y":1},"o":{"x":0.167,"y":0.167},"n":"0p667_1_0p167_0p167","t":7,"s":[{"i":[[0,0.775],[0.766,0],[0,-0.775],[-0.775,0]],"o":[[0,-0.775],[-0.775,0],[0,0.775],[0.766,0]],"v":[[1.408,26.141],[0.009,24.734],[-1.398,26.141],[0.009,27.54]],"c":true}],"e":[{"i":[[0,11.31],[11.18,0],[0,-11.311],[-11.31,0]],"o":[[0,-11.311],[-11.31,0],[0,11.31],[11.18,0]],"v":[[20.476,4.426],[0.065,-16.115],[-20.476,4.426],[0.065,24.836]],"c":true}]},{"i":{"x":0.667,"y":1},"o":{"x":0.333,"y":0},"n":"0p667_1_0p333_0","t":18,"s":[{"i":[[0,11.31],[11.18,0],[0,-11.311],[-11.31,0]],"o":[[0,-11.311],[-11.31,0],[0,11.31],[11.18,0]],"v":[[20.476,4.426],[0.065,-16.115],[-20.476,4.426],[0.065,24.836]],"c":true}],"e":[{"i":[[0,11.31],[11.18,0],[0,-11.311],[-11.31,0]],"o":[[0,-11.311],[-11.31,0],[0,11.31],[11.18,0]],"v":[[20.476,9.426],[0.065,-11.115],[-20.476,9.426],[0.065,29.836]],"c":true}]},{"t":33}],"ix":2},"nm":"Path 3","mn":"ADBE Vector Shape - Group","hd":false},{"ind":3,"ty":"sh","ix":4,"ks":{"a":1,"k":[{"i":{"x":0.667,"y":1},"o":{"x":0.167,"y":0.167},"n":"0p667_1_0p167_0p167","t":7,"s":[{"i":[[0,0],[2.21,0],[0,0],[0,-2.21],[0,0],[0,0],[-7.41,0],[-4.42,-5.201],[0,0]],"o":[[0,-2.21],[0,0],[-2.21,0],[0,0],[0,0],[4.549,-5.201],[7.281,0],[0,0],[0,0]],"v":[[41.823,27.677],[37.792,23.647],[-38,23.647],[-42.031,27.677],[-42.062,32.824],[-18.66,32.695],[-0.07,24.114],[18.39,32.695],[41.792,32.695]],"c":true}],"e":[{"i":[[0,0],[2.21,0],[0,0],[0,-2.21],[0,0],[0,0],[-7.41,0],[-4.42,-5.201],[0,0]],"o":[[0,-2.21],[0,0],[-2.21,0],[0,0],[0,0],[4.549,-5.201],[7.281,0],[0,0],[0,0]],"v":[[41.927,-23.656],[37.896,-27.686],[-37.896,-27.686],[-41.927,-23.656],[-41.927,-11.176],[-18.525,-11.305],[0.065,-19.886],[18.525,-11.305],[41.927,-11.305]],"c":true}]},{"i":{"x":0.667,"y":1},"o":{"x":0.333,"y":0},"n":"0p667_1_0p333_0","t":18,"s":[{"i":[[0,0],[2.21,0],[0,0],[0,-2.21],[0,0],[0,0],[-7.41,0],[-4.42,-5.201],[0,0]],"o":[[0,-2.21],[0,0],[-2.21,0],[0,0],[0,0],[4.549,-5.201],[7.281,0],[0,0],[0,0]],"v":[[41.927,-23.656],[37.896,-27.686],[-37.896,-27.686],[-41.927,-23.656],[-41.927,-11.176],[-18.525,-11.305],[0.065,-19.886],[18.525,-11.305],[41.927,-11.305]],"c":true}],"e":[{"i":[[0,0],[2.21,0],[0,0],[0,-2.21],[0,0],[0,0],[-7.41,0],[-4.42,-5.201],[0,0]],"o":[[0,-2.21],[0,0],[-2.21,0],[0,0],[0,0],[4.549,-5.201],[7.281,0],[0,0],[0,0]],"v":[[41.927,-18.656],[37.896,-22.686],[-37.896,-22.686],[-41.927,-18.656],[-41.927,-6.176],[-18.525,-6.305],[0.065,-14.886],[18.525,-6.305],[41.927,-6.305]],"c":true}]},{"t":33}],"ix":2},"nm":"Path 4","mn":"ADBE Vector Shape - Group","hd":false},{"ind":4,"ty":"sh","ix":5,"ks":{"a":1,"k":[{"i":{"x":0.667,"y":1},"o":{"x":0.167,"y":0.167},"n":"0p667_1_0p167_0p167","t":7,"s":[{"i":[[0,-4.42],[0,0],[4.42,0],[0,0],[0,4.421],[0,0],[-4.29,0],[0,0],[0,0],[0,0],[0,0],[0,0]],"o":[[0,0],[0,4.421],[0,0],[-4.29,0],[0,0],[0,-4.42],[0,0],[0,0],[0,0],[0,0],[0,0],[4.42,0]],"v":[[47.39,27.617],[47.387,28.926],[39.457,36.857],[-39.456,36.857],[-47.387,28.926],[-47.384,27.617],[-39.453,19.687],[-32.043,19.687],[-32.1,19.004],[-23.78,19.004],[-23.723,19.687],[39.46,19.687]],"c":true}],"e":[{"i":[[0,-4.42],[0,0],[4.42,0],[0,0],[0,4.421],[0,0],[-4.29,0],[0,0],[0,0],[0,0],[0,0],[0,0]],"o":[[0,0],[0,4.421],[0,0],[-4.29,0],[0,0],[0,-4.42],[0,0],[0,0],[0,0],[0,0],[0,0],[4.42,0]],"v":[[47.387,-25.216],[47.387,28.926],[39.457,36.857],[-39.456,36.857],[-47.387,28.926],[-47.387,-25.216],[-39.456,-33.146],[-32.046,-33.146],[-32.046,-38.996],[-23.726,-38.996],[-23.726,-33.146],[39.457,-33.146]],"c":true}]},{"i":{"x":0.667,"y":1},"o":{"x":0.333,"y":0},"n":"0p667_1_0p333_0","t":18,"s":[{"i":[[0,-4.42],[0,0],[4.42,0],[0,0],[0,4.421],[0,0],[-4.29,0],[0,0],[0,0],[0,0],[0,0],[0,0]],"o":[[0,0],[0,4.421],[0,0],[-4.29,0],[0,0],[0,-4.42],[0,0],[0,0],[0,0],[0,0],[0,0],[4.42,0]],"v":[[47.387,-25.216],[47.387,28.926],[39.457,36.857],[-39.456,36.857],[-47.387,28.926],[-47.387,-25.216],[-39.456,-33.146],[-32.046,-33.146],[-32.046,-38.996],[-23.726,-38.996],[-23.726,-33.146],[39.457,-33.146]],"c":true}],"e":[{"i":[[0,-4.42],[0,0],[4.42,0],[0,0],[0,4.421],[0,0],[-4.29,0],[0,0],[0,0],[0,0],[0,0],[0,0]],"o":[[0,0],[0,4.421],[0,0],[-4.29,0],[0,0],[0,-4.42],[0,0],[0,0],[0,0],[0,0],[0,0],[4.42,0]],"v":[[47.387,-20.216],[47.387,28.926],[39.457,36.857],[-39.456,36.857],[-47.387,28.926],[-47.387,-20.216],[-39.456,-28.146],[-32.046,-28.146],[-32.046,-33.996],[-23.726,-33.996],[-23.726,-28.146],[39.457,-28.146]],"c":true}]},{"t":33}],"ix":2},"nm":"Path 5","mn":"ADBE Vector Shape - Group","hd":false},{"ty":"fl","c":{"a":0,"k":[1,1,1,1],"ix":4},"o":{"a":0,"k":100,"ix":5},"r":1,"nm":"Fill 1","mn":"ADBE Vector Graphic - Fill","hd":false},{"ty":"tr","p":{"a":0,"k":[75,72.984],"ix":2},"a":{"a":0,"k":[0,0],"ix":1},"s":{"a":0,"k":[100,100],"ix":3},"r":{"a":0,"k":0,"ix":6},"o":{"a":0,"k":100,"ix":7},"sk":{"a":0,"k":0,"ix":4},"sa":{"a":0,"k":0,"ix":5},"nm":"Transform"}],"nm":"Group 1","np":6,"cix":2,"ix":1,"mn":"ADBE Vector Group","hd":false}],"ip":7,"op":87,"st":-13,"bm":0}]}],"layers":[{"ddd":0,"ind":1,"ty":0,"nm":"Camera_AnimOff","refId":"comp_0","sr":1,"ks":{"o":{"a":0,"k":100,"ix":11},"r":{"a":0,"k":0,"ix":10},"p":{"a":0,"k":[400,400,0],"ix":2},"a":{"a":0,"k":[75,75,0],"ix":1},"s":{"a":0,"k":[100,100,100],"ix":6}},"ao":0,"w":150,"h":150,"ip":128,"op":161,"st":128,"bm":0},{"ddd":0,"ind":2,"ty":0,"nm":"Camera_Flash","refId":"comp_1","sr":1,"ks":{"o":{"a":0,"k":100,"ix":11},"r":{"a":0,"k":0,"ix":10},"p":{"a":0,"k":[400,400,0],"ix":2},"a":{"a":0,"k":[75,75,0],"ix":1},"s":{"a":0,"k":[100,100,100],"ix":6}},"ao":0,"w":150,"h":150,"ip":87,"op":128,"st":87,"bm":0},{"ddd":0,"ind":3,"ty":0,"nm":"Camera_AnimOn","refId":"comp_2","sr":1,"ks":{"o":{"a":0,"k":100,"ix":11},"r":{"a":0,"k":0,"ix":10},"p":{"a":0,"k":[400,400,0],"ix":2},"a":{"a":0,"k":[75,75,0],"ix":1},"s":{"a":0,"k":[100,100,100],"ix":6}},"ao":0,"w":150,"h":150,"ip":0,"op":87,"st":0,"bm":0}],"markers":[] }