[
  {
    "title":"sspai",
    "logo":"assets/bookmark/sspai.jpg",
    "url": "https://sspai.com/",
    "shadow": "#d51719",
    "safari": true
  },
  {
    "title":"JSBox Docs",
    "logo":"assets/bookmark/JSBox Docs.JPG",
    "url": "https://docs.xteko.com/",
    "shadow": "#147ffB",
    "safari": true
  },
  {
    "title":"FlowScript",
    "logo":"assets/bookmark/FlowScript.jpg",
    "url": "https://t.me/Flow_Script",
    "shadow": "#0a7be3",
    "safari": false
  },
  {
    "title":"Neurogram",
    "logo":"assets/bookmark/Neurogram.jpg",
    "url": "https://t.me/Neurogram",
    "shadow": "#333333",
    "safari": false
  }
]