[
  {
    "title":"JSBox",
    "logo":"assets/launcher/JSBox.JPG",
    "url": "JSBox://",
    "shadow": "#147ffB"
  },
  {
    "title":"Workflow",
    "logo":"assets/launcher/Workflow.JPG",
    "url": "Workflow://",
    "shadow": "#0C3261"
  },
  {
    "title":"IFTTT",
    "logo":"assets/launcher/IFTTT.JPG",
    "url": "IFTTT://",
    "shadow": "#0099EF"
  },
  {
    "title":"Pythonista",
    "logo":"assets/launcher/Pythonista.JPG",
    "url": "Pythonista://",
    "shadow": "#009E87"
  },
  {
    "title":"Drafts 4",
    "logo":"assets/launcher/Drafts 4.jpg",
    "url": "Drafts4://",
    "shadow": "#B7CCDF"
  },
  {
    "title":"Drafts",
    "logo":"assets/launcher/Drafts.jpg",
    "url": "Drafts5://",
    "shadow": "#023878"
  },
  {
    "title":"XMind",
    "logo":"assets/launcher/XMind.jpg",
    "url": "XMind://",
    "shadow": "#FF2138"
  },
  {
    "title":"Lighten",
    "logo":"assets/launcher/Lighten.jpg",
    "url": "Lighten://",
    "shadow": "#9029AA"
  }
]