[
  {
      "title": "WeChat Receive",
      "logo": "assets/qrCode/WeChat Receive.png",
      "shadow": "#f8c51c",
      "qrImg": "assets/qrCode/WeChat Receive-qr.jpg"
  },
  {
      "title": "Alipay Collect",
      "logo": "assets/qrCode/Alipay Collect.jpg",
      "shadow": "#1e81d2",
      "qrImg": "assets/qrCode/Alipay Collect-qr.jpg"
  },
  {
      "title": "Alipay Pay",
      "logo": "assets/qrCode/Alipay Pay.png",
      "url": "alipayqr://platformapi/startapp?saId=20000056",
      "shadow": "#1e81d2"
  },
  {
      "title": "Alipay Scan",
      "shadow": "#AFE5FA",
      "logo": "assets/qrCode/Alipay Scan.jpg",
      "url": "alipayqr://platformapi/startapp?saId=10000007"
  },
  {
      "title": "WeChat Card",
      "logo": "assets/qrCode/WeChat Card.jpg",
      "shadow": "#00CF0B",
      "qrImg": "assets/qrCode/WeChat Card-qr.jpg"
  },
  {
      "title": "Bitcoin",
      "shadow": "#FBB31C",
      "logo": "assets/qrCode/Bitcoin.jpg",
      "qrImg": "assets/qrCode/Bitcoin-qr.jpg"
  }
]