[
  {
    "name": "Chars Keyboard",
    "icon": "062",
    "file": "chars-keyboard.js"
  },
  {
    "name": "Big Emoji",
    "icon": "055",
    "file": "big-emoji.js"
  },
  {
    "name": "Palette",
    "icon": "151",
    "file": "palette.js"
  },
  {
    "name": "Calculator",
    "icon": "118",
    "file": "calculator.js"
  },
  {
    "name": "Drawing",
    "icon": "151",
    "file": "drawing.js"
  },
  {
    "name": "Dice",
    "icon": "039",
    "file": "dice.js"
  },
  {
    "name": "Upper Case",
    "icon": "031",
    "file": "upper-case.js"
  },
  {
    "name": "Quote",
    "icon": "104",
    "file": "quote.js"
  },
  {
    "name": "Insert Date",
    "icon": "125",
    "file": "insert-date.js"
  },
  {
    "name": "Get Content",
    "icon": "060",
    "file": "get-content.js"
  },
  {
    "name": "Speak",
    "icon": "012",
    "file": "speak.js"
  },
  {
    "name": "QR Code",
    "icon": "017",
    "file": "qrcode.js"
  },
  {
    "name": "Google",
    "icon": "179",
    "file": "google.js"
  },
  {
    "name": "Run JavaScript",
    "icon": "054",
    "file": "run-js.js"
  },
  {
    "name": "MD5",
    "icon": "031",
    "file": "md5.js"
  },
  {
    "name": "Colors",
    "icon": "151",
    "file": "colors.js"
  }
]