[{"data1":"2018年1月1日 星期一","data2":"2018/1/1","string":"元旦"},{"data1":"2018年2月15日 星期四","data2":"2018/2/15","string":"春节"},{"data1":"2018年4月5日 星期四","data2":"2018/4/5","string":"清明节"},{"data1":"2018年5月1日 星期二","data2":"2018/5/1","string":"劳动节"},{"data1":"2018年6月18日 星期一","data2":"2018/6/18","string":"端午节"},{"data1":"2018年9月24日 星期一","data2":"2018/9/24","string":"中秋节"},{"data1":"2018年10月1日 星期一","data2":"2018/10/1","string":"国庆节"},{"data1":"2019年1月1日 星期二","data2":"2019/1/1","string":"元旦"}]